country,continent,population,day,time,Cases,Recovered,Deaths,Tests,recovery_rate,Z-population,Z-Cases,Z-Recovered,Z-Deaths,Z-Tests,cases_per_population,tests_per_population,Mortality Rate
Saint-Helena,Africa,6115.0,2024-06-30,2024-06-30T16:15:16+00:00,2166,2.0,2164.0,32988287.854460094,0.0009233610341643582,-0.163,-0.173,-0.174,-0.17,-0.0,0.35421095666394115,5394.650507679492,0.9990766389658357
Falkland-Islands,South-America,3539.0,2024-06-30,2024-06-30T16:15:16+00:00,1930,1930.0,0.0,8632.0,1.0,-0.163,-0.173,-0.174,-0.174,-0.29,0.545351794292173,2.4391070923989826,0.0
Montserrat,North-America,4965.0,2024-06-30,2024-06-30T16:15:16+00:00,1403,1376.0,8.0,17762.0,0.9807555238774056,-0.163,-0.173,-0.174,-0.174,-0.29,0.2825780463242699,3.5774420946626386,0.005702066999287242
Vatican-City,Europe,799.0,2024-06-30,2024-06-30T16:15:16+00:00,29,29.0,0.0,32988287.854460094,1.0,-0.163,-0.173,-0.174,-0.174,-0.0,0.03629536921151439,41286.96852873604,0.0
Western-Sahara,Africa,626161.0,2024-06-30,2024-06-30T16:15:16+00:00,10,9.0,1.0,32988287.854460094,0.9,-0.162,-0.173,-0.174,-0.174,-0.0,1.5970333508474656e-05,52.68339589092916,0.1
China,Asia,1448471400.0,2024-06-30,2024-06-30T16:15:16+00:00,503302,379053.0,5272.0,160000000.0,0.7531323141970427,2.16,-0.163,-0.166,-0.164,1.116,0.00034747113405207724,0.11046127662582775,0.01047482426058311
Saint-Pierre-Miquelon,North-America,5759.0,2024-06-30,2024-06-30T16:15:16+00:00,3452,2449.0,2.0,25400.0,0.7094438006952491,-0.163,-0.172,-0.174,-0.174,-0.29,0.5994096197256468,4.410487931932627,0.0005793742757821553
Tuvalu,Oceania,12066.0,2024-06-30,2024-06-30T16:15:16+00:00,2943,2942.0,1.0,32988287.854460094,0.9996602106693849,-0.163,-0.172,-0.174,-0.174,-0.0,0.24390850323222277,2733.9870590469163,0.0003397893306150187
Niue,Oceania,1622.0,2024-06-30,2024-06-30T16:15:16+00:00,1059,1056.0,3.0,32988287.854460094,0.9971671388101983,-0.163,-0.173,-0.174,-0.174,-0.0,0.6528976572133169,20338.03196945752,0.0028328611898017
Nicaragua,North-America,6779100.0,2024-06-30,2024-06-30T16:15:15+00:00,18491,4225.0,225.0,32988287.854460094,0.22848953544967823,-0.152,-0.172,-0.174,-0.174,-0.0,0.0027276482128896166,4.866175134525246,0.012168081769509492
Tajikistan,Asia,9957464.0,2024-06-30,2024-06-30T16:15:15+00:00,17786,17264.0,125.0,32988287.854460094,0.9706510738783313,-0.147,-0.172,-0.173,-0.174,-0.0,0.0017861977708380366,3.312920624614871,0.0070279995502080285
Djibouti,Africa,1016097.0,2024-06-30,2024-06-30T16:15:15+00:00,15690,15427.0,189.0,305941.0,0.9832377310388782,-0.161,-0.172,-0.173,-0.174,-0.287,0.015441439153939043,0.30109428528969184,0.012045889101338431
Greenland,North-America,56973.0,2024-06-30,2024-06-30T16:15:15+00:00,11971,2761.0,21.0,164926.0,0.23064071506139838,-0.163,-0.172,-0.174,-0.174,-0.288,0.21011707299949098,2.894809822196479,0.001754239411912121
Eritrea,Africa,3662244.0,2024-06-30,2024-06-30T16:15:15+00:00,10189,10086.0,103.0,23693.0,0.9898910589851802,-0.157,-0.172,-0.174,-0.174,-0.29,0.0027821739894993342,0.006469530703033441,0.010108941014819904
Niger,Africa,26083660.0,2024-06-30,2024-06-30T16:15:15+00:00,9931,8890.0,312.0,254538.0,0.8951767193636089,-0.121,-0.172,-0.174,-0.174,-0.287,0.0003807364457288586,0.009758523152042313,0.03141677575269359
Equatorial-Guinea,Africa,1496662.0,2024-06-30,2024-06-30T16:15:15+00:00,17229,16907.0,183.0,365697.0,0.981310580997156,-0.16,-0.172,-0.173,-0.174,-0.287,0.01151161718544334,0.24434174182280302,0.01062162632770329
Liberia,Africa,5305117.0,2024-06-30,2024-06-30T16:15:15+00:00,8090,7783.0,295.0,139824.0,0.9620519159456119,-0.154,-0.172,-0.174,-0.174,-0.288,0.0015249428052199413,0.02635644039518827,0.03646477132262052
Nauru,Oceania,10903.0,2024-06-30,2024-06-30T16:15:15+00:00,5393,5347.0,1.0,20509.0,0.9914704246245133,-0.163,-0.172,-0.174,-0.174,-0.29,0.4946345042648812,1.881041915069247,0.00018542555164101615
Caribbean-Netherlands,North-America,26647.0,2024-06-30,2024-06-30T16:15:15+00:00,11682,10476.0,38.0,30126.0,0.8967642526964561,-0.163,-0.172,-0.174,-0.174,-0.289,0.43839831876008556,1.1305587871054903,0.0032528676596473207
Bermuda,North-America,61939.0,2024-06-30,2024-06-30T16:15:15+00:00,18860,18685.0,165.0,1029558.0,0.9907211028632026,-0.163,-0.172,-0.173,-0.174,-0.281,0.3044931303379131,16.62212822292901,0.008748674443266172
Gambia,Africa,2558482.0,2024-06-30,2024-06-30T16:15:15+00:00,12626,12189.0,372.0,155686.0,0.9653888800887058,-0.159,-0.172,-0.173,-0.174,-0.288,0.004934957525595255,0.06085092644779209,0.02946301283066688
Grenada,North-America,113475.0,2024-06-30,2024-06-30T16:15:15+00:00,19693,19358.0,238.0,182981.0,0.9829888792972122,-0.163,-0.172,-0.173,-0.174,-0.288,0.1735448336638026,1.6125225820665345,0.012085512618697
Comoros,Africa,907419.0,2024-06-30,2024-06-30T16:15:15+00:00,9109,8939.0,161.0,32988287.854460094,0.9813371390932045,-0.161,-0.172,-0.174,-0.174,-0.0,0.010038361550727943,36.35397523576219,0.017674827094082777
Guinea-Bissau,Africa,2063367.0,2024-06-30,2024-06-30T16:15:15+00:00,9614,8929.0,177.0,145231.0,0.9287497399625546,-0.16,-0.172,-0.174,-0.174,-0.288,0.004659374701640571,0.07038544282233844,0.01841065113376326
Chad,Africa,17413580.0,2024-06-30,2024-06-30T16:15:15+00:00,7701,4874.0,194.0,191341.0,0.6329048175561616,-0.135,-0.172,-0.174,-0.174,-0.288,0.00044224105554400647,0.010988033477320573,0.025191533567069213
Vanuatu,Oceania,321832.0,2024-06-30,2024-06-30T16:15:15+00:00,12019,11976.0,14.0,24976.0,0.9964223313087611,-0.162,-0.172,-0.173,-0.174,-0.29,0.037345571602575255,0.07760570732556116,0.0011648223645894002
Sint-Maarten,North-America,43966.0,2024-06-30,2024-06-30T16:15:15+00:00,11051,10905.0,92.0,62056.0,0.9867885259252557,-0.163,-0.172,-0.174,-0.174,-0.289,0.2513533184733658,1.4114543055997817,0.008325038458058095
Wallis-and-Futuna,Oceania,10982.0,2024-06-30,2024-06-30T16:15:15+00:00,3550,438.0,8.0,20508.0,0.12338028169014084,-0.163,-0.172,-0.174,-0.174,-0.29,0.32325623747951193,1.8674194135858677,0.0022535211267605635
St-Barth,North-America,9945.0,2024-06-30,2024-06-30T16:15:15+00:00,5507,5501.0,6.0,78646.0,0.9989104775739968,-0.163,-0.172,-0.174,-0.174,-0.289,0.5537456008044244,7.908094519859226,0.0010895224260032686
Saint-Kitts-and-Nevis,North-America,53871.0,2024-06-30,2024-06-30T16:15:15+00:00,6607,6559.0,48.0,126958.0,0.9927349780535796,-0.163,-0.172,-0.174,-0.174,-0.289,0.12264483673961872,2.35670397802157,0.007265021946420463
Timor-Leste,Asia,1369429.0,2024-06-30,2024-06-30T16:15:15+00:00,23460,23102.0,138.0,278529.0,0.9847399829497017,-0.161,-0.172,-0.173,-0.174,-0.287,0.01713122768686803,0.20339061024704458,0.0058823529411764705
Kiribati,Oceania,123419.0,2024-06-30,2024-06-30T16:15:15+00:00,5085,2703.0,24.0,32988287.854460094,0.5315634218289086,-0.163,-0.172,-0.174,-0.174,-0.0,0.04120111166027921,267.2869481559573,0.00471976401179941
Burkina-Faso,Africa,22102838.0,2024-06-30,2024-06-30T16:15:15+00:00,22114,21596.0,400.0,248995.0,0.9765759247535498,-0.127,-0.172,-0.173,-0.174,-0.288,0.0010005050030226887,0.011265295434007162,0.01808808899339785
Liechtenstein,Europe,38387.0,2024-06-30,2024-06-30T16:15:15+00:00,21574,21480.0,94.0,112457.0,0.9956429034949477,-0.163,-0.172,-0.173,-0.174,-0.289,0.5620131815458358,2.929559486284419,0.004357096505052378
Gibraltar,Europe,33704.0,2024-06-30,2024-06-30T16:15:15+00:00,20550,20437.0,113.0,534283.0,0.9945012165450121,-0.163,-0.172,-0.173,-0.174,-0.285,0.6097199145502018,15.852213387135059,0.005498783454987835
South-Sudan,Africa,11618511.0,2024-06-30,2024-06-30T16:15:15+00:00,18819,18115.0,147.0,410280.0,0.9625909984590042,-0.144,-0.172,-0.173,-0.174,-0.286,0.0016197428396805753,0.0353126144993967,0.007811254583134066
Monaco,Europe,39783.0,2024-06-30,2024-06-30T16:15:15+00:00,17181,17114.0,67.0,78646.0,0.9961003434025959,-0.163,-0.172,-0.173,-0.174,-0.289,0.431867883266722,1.9768745444033884,0.0038996565974041093
Samoa,Oceania,202239.0,2024-06-30,2024-06-30T16:15:15+00:00,17006,1605.0,31.0,187397.0,0.0943784546630601,-0.163,-0.172,-0.174,-0.174,-0.288,0.0840886278116486,0.9266115833246802,0.0018228860402210985
Tonga,Oceania,107749.0,2024-06-30,2024-06-30T16:15:15+00:00,16950,15638.0,13.0,535009.0,0.9225958702064897,-0.163,-0.172,-0.173,-0.174,-0.285,0.15731004464078552,4.965326824378881,0.0007669616519174041
Marshall-Islands,Oceania,60057.0,2024-06-30,2024-06-30T16:15:15+00:00,16138,16121.0,17.0,32988287.854460094,0.9989465856983517,-0.163,-0.172,-0.173,-0.174,-0.0,0.26871139084536355,549.2829787445276,0.0010534143016482835
Dominica,North-America,72344.0,2024-06-30,2024-06-30T16:15:15+00:00,16038,15964.0,74.0,229344.0,0.9953859583489213,-0.163,-0.172,-0.173,-0.174,-0.288,0.22169081057171292,3.170186884883335,0.0046140416510786885
CAR,Africa,5016678.0,2024-06-30,2024-06-30T16:15:15+00:00,15440,15200.0,113.0,81294.0,0.9844559585492227,-0.155,-0.172,-0.173,-0.174,-0.289,0.0030777339107672446,0.016204747444424378,0.007318652849740932
Saint-Martin,North-America,39730.0,2024-06-30,2024-06-30T16:15:15+00:00,12324,12261.0,63.0,112382.0,0.994888023369036,-0.163,-0.172,-0.173,-0.174,-0.289,0.31019380820538633,2.8286433425622954,0.005111976630963973
Yemen,Asia,31154867.0,2024-06-30,2024-06-30T16:15:15+00:00,11945,9124.0,2159.0,329592.0,0.7638342402678945,-0.113,-0.172,-0.174,-0.17,-0.287,0.0003834071896374971,0.010579149639765755,0.18074508162411052
St-Vincent-Grenadines,North-America,111551.0,2024-06-30,2024-06-30T16:15:15+00:00,9674,9493.0,124.0,114197.0,0.981290055819723,-0.163,-0.172,-0.174,-0.174,-0.289,0.0867226649693862,1.0237200921551577,0.012817862311350011
Antigua-and-Barbuda,North-America,99509.0,2024-06-30,2024-06-30T16:15:15+00:00,9106,8954.0,146.0,18901.0,0.9833077092027235,-0.163,-0.172,-0.174,-0.174,-0.29,0.09150931071561366,0.18994261825563516,0.01603338458159455
Sierra-Leone,Africa,8306436.0,2024-06-30,2024-06-30T16:15:15+00:00,7779,7653.0,126.0,259958.0,0.9838025453143078,-0.15,-0.172,-0.174,-0.174,-0.287,0.0009365027311352306,0.03129597338738299,0.01619745468569225
British-Virgin-Islands,North-America,30596.0,2024-06-30,2024-06-30T16:15:15+00:00,7392,7328.0,64.0,107339.0,0.9913419913419913,-0.163,-0.172,-0.174,-0.174,-0.289,0.24160020917767028,3.5082690547784026,0.008658008658008658
Cook-Islands,Oceania,17571.0,2024-06-30,2024-06-30T16:15:15+00:00,7203,7150.0,2.0,19690.0,0.9926419547410801,-0.163,-0.172,-0.174,-0.174,-0.29,0.40993682772750556,1.1205964373114792,0.00027766208524226016
Sao-Tome-and-Principe,Africa,227679.0,2024-06-30,2024-06-30T16:15:15+00:00,6778,6685.0,80.0,29600.0,0.9862791383889052,-0.163,-0.172,-0.174,-0.174,-0.289,0.02976998317807088,0.13000759841706966,0.011802891708468575
Turks-and-Caicos,North-America,39741.0,2024-06-30,2024-06-30T16:15:15+00:00,6752,6709.0,40.0,616788.0,0.9936315165876777,-0.163,-0.172,-0.174,-0.174,-0.284,0.16990010316801288,15.520193251302182,0.005924170616113744
Palau,Oceania,18233.0,2024-06-30,2024-06-30T16:15:15+00:00,6290,6276.0,10.0,71434.0,0.9977742448330683,-0.163,-0.172,-0.174,-0.174,-0.289,0.34497888444030056,3.9178412768057918,0.001589825119236884
Anguilla,North-America,15230.0,2024-06-30,2024-06-30T16:15:15+00:00,3904,3892.0,12.0,51382.0,0.9969262295081968,-0.163,-0.172,-0.174,-0.174,-0.289,0.2563361785948785,3.373736047275115,0.0030737704918032786
Cura&ccedil;ao,North-America,165529.0,2024-06-30,2024-06-30T16:15:14+00:00,45986,44720.0,295.0,496693.0,0.972469882138042,-0.163,-0.172,-0.173,-0.174,-0.285,0.2778123470811761,3.000640371173631,0.006414995868307746
Isle-of-Man,Europe,85732.0,2024-06-30,2024-06-30T16:15:14+00:00,38008,37892.0,116.0,150753.0,0.9969480109450642,-0.163,-0.172,-0.173,-0.174,-0.288,0.44333504409088786,1.7584215928708067,0.003051989054935803
Cayman-Islands,North-America,67277.0,2024-06-30,2024-06-30T16:15:14+00:00,31472,8553.0,37.0,222773.0,0.2717653787493645,-0.163,-0.172,-0.174,-0.174,-0.288,0.4677973155759026,3.311280229498937,0.001175648195221149
Congo,Africa,5797805.0,2024-06-30,2024-06-30T16:15:14+00:00,25375,24006.0,386.0,347815.0,0.9460492610837439,-0.154,-0.172,-0.173,-0.174,-0.287,0.004376656338045174,0.05999080686570176,0.015211822660098523
Somalia,Africa,16841795.0,2024-06-30,2024-06-30T16:15:14+00:00,27334,13182.0,1361.0,400466.0,0.48225653032852855,-0.136,-0.172,-0.173,-0.172,-0.286,0.0016229861484479535,0.023778106787310974,0.04979146850076827
Mayotte,Africa,286259.0,2024-06-30,2024-06-30T16:15:14+00:00,42027,41839.0,188.0,176919.0,0.9955266852261642,-0.162,-0.172,-0.173,-0.174,-0.288,0.14681459796897214,0.6180382101523445,0.004473314773835868
Bahamas,North-America,400516.0,2024-06-30,2024-06-30T16:15:14+00:00,38084,36366.0,844.0,257839.0,0.954889192311732,-0.162,-0.172,-0.173,-0.173,-0.287,0.09508733733483805,0.6437670405177321,0.022161537653607816
Aruba,North-America,107609.0,2024-06-30,2024-06-30T16:15:14+00:00,44224,42438.0,292.0,177885.0,0.9596146888567294,-0.163,-0.172,-0.173,-0.174,-0.288,0.4109693427129701,1.653068051928742,0.0066027496382054995
Madagascar,Africa,29178077.0,2024-06-30,2024-06-30T16:15:14+00:00,68486,66862.0,1426.0,531329.0,0.9762871243757848,-0.116,-0.171,-0.172,-0.172,-0.285,0.0023471731875956046,0.018209870376310267,0.02082177379318401
Cabo-Verde,Africa,567678.0,2024-06-30,2024-06-30T16:15:14+00:00,64477,63755.0,417.0,401622.0,0.9888022085394792,-0.162,-0.171,-0.172,-0.174,-0.286,0.11358023386497275,0.7074820584909051,0.006467422491741241
Sudan,Africa,45992020.0,2024-06-30,2024-06-30T16:15:14+00:00,63993,58947.0,5046.0,562941.0,0.9211476255215414,-0.089,-0.171,-0.173,-0.165,-0.285,0.00139139355044636,0.012239971195002959,0.07885237447845858
Mauritania,Africa,4901981.0,2024-06-30,2024-06-30T16:15:14+00:00,63848,62471.0,997.0,1009957.0,0.9784331537401328,-0.155,-0.171,-0.172,-0.172,-0.281,0.013024938285154513,0.20603037833071977,0.01561521112642526
Bhutan,Asia,787941.0,2024-06-30,2024-06-30T16:15:14+00:00,62697,61564.0,21.0,2303734.0,0.9819289599183374,-0.162,-0.171,-0.173,-0.174,-0.269,0.07957067851526954,2.923739213976681,0.00033494425570601463
Syria,Asia,19364809.0,2024-06-30,2024-06-30T16:15:14+00:00,57743,54578.0,3165.0,146269.0,0.9451881613355732,-0.132,-0.171,-0.173,-0.168,-0.288,0.0029818522867950826,0.007553340701682108,0.054811838664426855
Burundi,Africa,12624840.0,2024-06-30,2024-06-30T16:15:14+00:00,54721,53569.0,38.0,345742.0,0.978947753147786,-0.143,-0.171,-0.173,-0.174,-0.287,0.004334391564566363,0.027385852018718654,0.0006944317538056687
Seychelles,Africa,99426.0,2024-06-30,2024-06-30T16:15:14+00:00,51220,51048.0,172.0,32988287.854460094,0.9966419367434596,-0.163,-0.172,-0.173,-0.174,-0.0,0.5151570011868123,331.78733786393997,0.003358063256540414
Gabon,Africa,2331533.0,2024-06-30,2024-06-30T16:15:14+00:00,49051,48674.0,307.0,1621909.0,0.992314122036248,-0.159,-0.172,-0.173,-0.174,-0.275,0.021038089531651493,0.6956405935493943,0.006258791869686653
Andorra,Europe,77463.0,2024-06-30,2024-06-30T16:15:14+00:00,48015,47850.0,165.0,249838.0,0.9965635738831615,-0.163,-0.172,-0.173,-0.174,-0.288,0.6198443127686767,3.225255928636898,0.003436426116838488
Papua-New-Guinea,Oceania,9292169.0,2024-06-30,2024-06-30T16:15:14+00:00,46864,46168.0,670.0,249149.0,0.9851485148514851,-0.148,-0.172,-0.173,-0.173,-0.288,0.005043386533327149,0.026812792578352805,0.014296688289518607
Tanzania,Africa,63298550.0,2024-06-30,2024-06-30T16:15:14+00:00,43223,42377.0,846.0,32988287.854460094,0.9804270874303033,-0.061,-0.172,-0.173,-0.173,-0.0,0.0006828434458609242,0.5211539261872522,0.01957291256969669
Mauritius,Africa,1274727.0,2024-06-30,2024-06-30T16:15:14+00:00,43025,41278.0,1051.0,358675.0,0.9593957001743173,-0.161,-0.172,-0.173,-0.172,-0.287,0.033752325007629085,0.2813739726231577,0.02442765833817548
Togo,Africa,8680837.0,2024-06-30,2024-06-30T16:15:14+00:00,39572,39281.0,290.0,815204.0,0.9926463155766704,-0.149,-0.172,-0.173,-0.174,-0.283,0.0045585466009786845,0.09390845606247417,0.007328414030122308
Guinea,Africa,13865691.0,2024-06-30,2024-06-30T16:15:14+00:00,38572,37757.0,468.0,660107.0,0.978870683397283,-0.141,-0.172,-0.173,-0.174,-0.284,0.0027818303465727023,0.04760721986376301,0.012133153582909883
Lesotho,Africa,2175699.0,2024-06-30,2024-06-30T16:15:14+00:00,36138,25980.0,723.0,431221.0,0.7189108417732027,-0.159,-0.172,-0.173,-0.173,-0.286,0.01660983435668261,0.19819883173177907,0.020006641208699983
Haiti,North-America,11680283.0,2024-06-30,2024-06-30T16:15:14+00:00,34667,33734.0,860.0,132422.0,0.9730867972423342,-0.144,-0.172,-0.173,-0.173,-0.289,0.002967993155645287,0.011337225305243032,0.024807453774482936
Faeroe-Islands,Europe,49233.0,2024-06-30,2024-06-30T16:15:14+00:00,34658,34630.0,28.0,778000.0,0.9991921057187374,-0.163,-0.172,-0.173,-0.174,-0.283,0.7039587268701887,15.802408953344301,0.0008078942812626233
Mali,Africa,21473764.0,2024-06-30,2024-06-30T16:15:14+00:00,33164,32332.0,743.0,804909.0,0.9749125557833795,-0.128,-0.172,-0.173,-0.173,-0.283,0.0015443962222924683,0.03748336807650489,0.022403811361717527
Saint-Lucia,North-America,185113.0,2024-06-30,2024-06-30T16:15:14+00:00,30215,29805.0,410.0,210983.0,0.9864305808373325,-0.163,-0.172,-0.173,-0.174,-0.288,0.16322462495880893,1.1397524755149557,0.013569419162667549
Benin,Africa,12784726.0,2024-06-30,2024-06-30T16:15:14+00:00,28036,27847.0,163.0,604310.0,0.9932586674275931,-0.142,-0.172,-0.173,-0.174,-0.284,0.0021929292813940636,0.04726812291479692,0.005813953488372093
Macao,Asia,667490.0,2024-06-30,2024-06-30T16:15:14+00:00,27673,3487.0,123.0,7850.0,0.12600729953384165,-0.162,-0.172,-0.174,-0.174,-0.29,0.04145829900073409,0.011760475812371721,0.004444765656054638
Micronesia,Oceania,117489.0,2024-06-30,2024-06-30T16:15:14+00:00,26547,26482.0,65.0,82430.0,0.9975515124119486,-0.163,-0.172,-0.173,-0.174,-0.289,0.22595306794678652,0.701597596370724,0.0024484875880513807
San-Marino,Europe,34085.0,2024-06-30,2024-06-30T16:15:14+00:00,26185,26011.0,128.0,196855.0,0.9933549742218828,-0.163,-0.172,-0.173,-0.174,-0.288,0.7682264925920493,5.775414405163562,0.00488829482528165
Solomon-Islands,Oceania,721159.0,2024-06-30,2024-06-30T16:15:14+00:00,25954,25755.0,199.0,32988287.854460094,0.9923325884256762,-0.162,-0.172,-0.173,-0.174,-0.0,0.0359892894632113,45.74343224512222,0.007667411574323804
French-Guiana,South-America,314169.0,2024-06-30,2024-06-30T16:15:13+00:00,98041,11254.0,420.0,651257.0,0.11478871084546262,-0.162,-0.171,-0.174,-0.174,-0.284,0.31206452578071037,2.0729511823254363,0.004283922032619006
Channel-Islands,Europe,176463.0,2024-06-30,2024-06-30T16:15:13+00:00,101717,101321.0,228.0,1252808.0,0.9961068454633936,-0.163,-0.171,-0.172,-0.174,-0.279,0.5764211194414693,7.099550614009736,0.0022415132180461476
Kyrgyzstan,Asia,6728271.0,2024-06-30,2024-06-30T16:15:13+00:00,206897,196406.0,2991.0,1907195.0,0.9492936098638453,-0.152,-0.169,-0.17,-0.169,-0.273,0.03075039634996866,0.2834598963091707,0.0144564686776512
Fiji,Oceania,909466.0,2024-06-30,2024-06-30T16:15:13+00:00,69117,67226.0,885.0,672883.0,0.9726405949332292,-0.161,-0.171,-0.172,-0.173,-0.284,0.07599734349607352,0.7398660312754958,0.012804375189895394
Suriname,South-America,596831.0,2024-06-30,2024-06-30T16:15:13+00:00,82588,81180.0,1408.0,242207.0,0.9829515183803943,-0.162,-0.171,-0.172,-0.172,-0.288,0.13837753065775737,0.40582174853518,0.017048481619605753
Guadeloupe,North-America,399794.0,2024-06-30,2024-06-30T16:15:13+00:00,203235,202214.0,1021.0,938039.0,0.9949762590105051,-0.162,-0.169,-0.17,-0.172,-0.281,0.5083492998894431,2.346305847511468,0.00502374098949492
El-Salvador,North-America,6550389.0,2024-06-30,2024-06-30T16:15:13+00:00,201855,179410.0,4230.0,2610114.0,0.8888063213692997,-0.152,-0.169,-0.17,-0.166,-0.267,0.03081572712704543,0.39846702234019993,0.020955636471724753
Trinidad-and-Tobago,North-America,1406585.0,2024-06-30,2024-06-30T16:15:13+00:00,191496,187078.0,4390.0,913289.0,0.9769290220161256,-0.161,-0.169,-0.17,-0.166,-0.282,0.13614250116416712,0.6492952789913159,0.02292476083051343
Maldives,Asia,540985.0,2024-06-30,2024-06-30T16:15:13+00:00,186694,163687.0,316.0,2213831.0,0.8767662592263276,-0.162,-0.169,-0.17,-0.174,-0.27,0.3451001414087267,4.0922225200329025,0.0016926092964958703
Namibia,Africa,2633874.0,2024-06-30,2024-06-30T16:15:13+00:00,172389,167099.0,4106.0,1062663.0,0.9693135872938529,-0.159,-0.169,-0.17,-0.166,-0.28,0.06545073910141487,0.4034600743999143,0.023818225060763736
Uganda,Africa,48432863.0,2024-06-30,2024-06-30T16:15:13+00:00,172149,100431.0,3632.0,3012408.0,0.5833957792377533,-0.085,-0.169,-0.172,-0.167,-0.263,0.0035543841378941404,0.062197603309141564,0.021098002311950696
Ghana,Africa,32395450.0,2024-06-30,2024-06-30T16:15:13+00:00,171889,170425.0,1462.0,2541625.0,0.9914828755766802,-0.111,-0.169,-0.17,-0.172,-0.267,0.00530596117664672,0.0784562338229597,0.008505489007440848
Jamaica,North-America,2985094.0,2024-06-30,2024-06-30T16:15:13+00:00,156869,153113.0,3756.0,1183986.0,0.9760564547488669,-0.158,-0.17,-0.171,-0.167,-0.279,0.052550773945477094,0.3966327358535443,0.02394354525113311
Cambodia,Asia,17168639.0,2024-06-30,2024-06-30T16:15:13+00:00,139103,136044.0,3056.0,3091420.0,0.9780091011696369,-0.135,-0.17,-0.171,-0.168,-0.263,0.008102156495922594,0.1800620305430151,0.021969332077669067
Rwanda,Africa,13600464.0,2024-06-30,2024-06-30T16:15:13+00:00,133518,132039.0,1468.0,6021981.0,0.9889228418640184,-0.141,-0.17,-0.171,-0.172,-0.237,0.009817165061427316,0.4427776140578733,0.010994772240446982
Cameroon,Africa,27911548.0,2024-06-30,2024-06-30T16:15:13+00:00,125379,123280.0,1974.0,1751774.0,0.9832587594413738,-0.118,-0.17,-0.171,-0.171,-0.274,0.004492011693511231,0.06276162110392444,0.015744263393391238
Malta,Europe,444033.0,2024-06-30,2024-06-30T16:15:13+00:00,121420,120149.0,885.0,2170600.0,0.9895322022731017,-0.162,-0.17,-0.171,-0.173,-0.271,0.27344814461988187,4.888375413539084,0.007288749794103113
Barbados,North-America,288023.0,2024-06-30,2024-06-30T16:15:13+00:00,110578,108647.0,648.0,814159.0,0.9825372135506159,-0.162,-0.17,-0.172,-0.173,-0.283,0.3839207285529281,2.826715227603351,0.005860116840601204
Angola,Africa,35027343.0,2024-06-30,2024-06-30T16:15:13+00:00,107327,103419.0,1937.0,1499795.0,0.96358791357254,-0.107,-0.17,-0.172,-0.171,-0.277,0.00306409195810256,0.042817835198062267,0.01804764877430656
DRC,Africa,95240792.0,2024-06-30,2024-06-30T16:15:13+00:00,99338,84489.0,1468.0,846704.0,0.8505204453482051,-0.01,-0.171,-0.172,-0.172,-0.282,0.0010430194658608046,0.008890140266788206,0.014777829229499285
Malawi,Africa,20180839.0,2024-06-30,2024-06-30T16:15:13+00:00,89535,86849.0,2686.0,624784.0,0.9700005584408332,-0.131,-0.171,-0.172,-0.169,-0.284,0.004436634175615791,0.030959267848081045,0.029999441559166805
Senegal,Africa,17653671.0,2024-06-30,2024-06-30T16:15:13+00:00,89053,87024.0,1971.0,1146543.0,0.9772158153010005,-0.135,-0.171,-0.172,-0.171,-0.28,0.0050444465629839825,0.06494643522018735,0.02213288715708623
Ivory-Coast,Africa,27742298.0,2024-06-30,2024-06-30T16:15:13+00:00,88384,87497.0,835.0,1690934.0,0.9899642469225199,-0.118,-0.171,-0.172,-0.173,-0.275,0.003185893252246083,0.06095147561315937,0.009447411296162202
New-Caledonia,Oceania,290915.0,2024-06-30,2024-06-30T16:15:13+00:00,80064,79750.0,314.0,98964.0,0.996078137490008,-0.162,-0.171,-0.172,-0.174,-0.289,0.2752144097073028,0.34018184005637386,0.003921862509992006
French-Polynesia,Oceania,284164.0,2024-06-30,2024-06-30T16:15:13+00:00,79254,78604.0,650.0,32988287.854460094,0.9917985212102859,-0.162,-0.171,-0.172,-0.173,-0.0,0.2789023240100787,116.08890589399113,0.008201478789714084
Eswatini,Africa,1184817.0,2024-06-30,2024-06-30T16:15:13+00:00,75191,73116.0,1427.0,1048704.0,0.9724036121344309,-0.161,-0.171,-0.172,-0.172,-0.281,0.06346212115457493,0.8851189677393217,0.018978335173092525
Guyana,South-America,794045.0,2024-06-30,2024-06-30T16:15:13+00:00,74137,72013.0,1300.0,733218.0,0.9713503378879642,-0.162,-0.171,-0.172,-0.172,-0.283,0.0933662449861154,0.9233960291923002,0.017535103929212134
Belize,North-America,412190.0,2024-06-30,2024-06-30T16:15:13+00:00,71409,70721.0,688.0,576016.0,0.9903653601086698,-0.162,-0.171,-0.172,-0.173,-0.285,0.17324292195346805,1.3974526310681967,0.009634639891330225
Belarus,Europe,9432800.0,2024-06-30,2024-06-30T16:15:12+00:00,994037,985592.0,7118.0,13646641.0,0.9915043403816961,-0.148,-0.153,-0.154,-0.161,-0.17,0.10538090492748707,1.4467221821728438,0.007160699249625517
Venezuela,South-America,29266991.0,2024-06-30,2024-06-30T16:15:12+00:00,552695,546537.0,5856.0,3359014.0,0.9888582310315817,-0.116,-0.162,-0.163,-0.163,-0.26,0.018884585709545612,0.11477141602975174,0.010595355485394295
Egypt,Africa,106156692.0,2024-06-30,2024-06-30T16:15:12+00:00,516023,442182.0,24613.0,3693367.0,0.8569036651467086,0.007,-0.163,-0.165,-0.126,-0.257,0.0048609559159963275,0.0347916549622703,0.04769748635235251
Uzbekistan,Asia,34382084.0,2024-06-30,2024-06-30T16:15:12+00:00,253662,241486.0,1637.0,1377915.0,0.9519991169351342,-0.108,-0.168,-0.169,-0.171,-0.278,0.0073777377776169705,0.04007654102642527,0.006453469577626921
Qatar,Asia,2979915.0,2024-06-30,2024-06-30T16:15:12+00:00,514524,513687.0,690.0,4065369.0,0.9983732537257737,-0.158,-0.163,-0.163,-0.173,-0.254,0.17266398538213337,1.3642566985971076,0.001341045315670406
Ecuador,South-America,18113361.0,2024-06-30,2024-06-30T16:15:12+00:00,1070188,1034145.0,36043.0,3082403.0,0.9663208707255174,-0.134,-0.152,-0.153,-0.104,-0.263,0.059082795291276975,0.17017289060820903,0.03367912927448261
UAE,Asia,10081785.0,2024-06-30,2024-06-30T16:15:12+00:00,1067030,1064681.0,2349.0,200732262.0,0.9977985623646946,-0.147,-0.152,-0.152,-0.17,1.473,0.10583740875251754,19.91038908288562,0.002201437635305474
Panama,North-America,4446964.0,2024-06-30,2024-06-30T16:15:12+00:00,1059893,1051102.0,8727.0,7882622.0,0.9917057665254889,-0.156,-0.152,-0.153,-0.157,-0.22,0.23834080959504056,1.7725850715229536,0.008233850020709638
Uruguay,South-America,3496016.0,2024-06-30,2024-06-30T16:15:12+00:00,1041111,1030944.0,7664.0,6114822.0,0.9902344706760374,-0.157,-0.153,-0.153,-0.16,-0.236,0.29779926636491366,1.749082956142077,0.007361366847531147
Mongolia,Asia,3378078.0,2024-06-30,2024-06-30T16:15:12+00:00,1011496,1009212.0,2284.0,4030048.0,0.9977419584457081,-0.157,-0.153,-0.154,-0.17,-0.254,0.29942943887026885,1.193000280040899,0.002258041554291861
Nepal,Asia,30225582.0,2024-06-30,2024-06-30T16:15:12+00:00,1003450,991322.0,12031.0,6047766.0,0.9879136977427874,-0.114,-0.153,-0.154,-0.151,-0.237,0.03319869903580351,0.2000876608430567,0.011989635756639593
Latvia,Europe,1848837.0,2024-06-30,2024-06-30T16:15:12+00:00,982505,971406.0,6715.0,7885792.0,0.9887033653772754,-0.16,-0.154,-0.154,-0.161,-0.22,0.5314178589026507,4.265271627515027,0.006834570816433504
Saudi-Arabia,Asia,35844909.0,2024-06-30,2024-06-30T16:15:12+00:00,841469,831823.0,9646.0,45481735.0,0.9885367137707984,-0.105,-0.156,-0.157,-0.156,0.11,0.023475272318308857,1.268847829966593,0.011463286229201551
Paraguay,South-America,7305843.0,2024-06-30,2024-06-30T16:15:12+00:00,837602,817447.0,20155.0,2657506.0,0.9759372589845774,-0.151,-0.156,-0.157,-0.135,-0.266,0.1146482342968498,0.36375076770743636,0.0240627410154226
Azerbaijan,Asia,10300205.0,2024-06-30,2024-06-30T16:15:12+00:00,835234,824089.0,10400.0,7748050.0,0.9866564340053207,-0.146,-0.157,-0.157,-0.154,-0.222,0.08108906570306125,0.7522228926511657,0.012451600389830874
Bahrain,Asia,1783983.0,2024-06-30,2024-06-30T16:15:12+00:00,729549,727915.0,1574.0,10948549.0,0.997760260105901,-0.16,-0.159,-0.159,-0.171,-0.194,0.4089439193086481,6.137137517566031,0.002157497303128371
Cyprus,Asia,1223387.0,2024-06-30,2024-06-30T16:15:12+00:00,681110,679745.0,1365.0,9640118.0,0.9979959184272731,-0.161,-0.159,-0.16,-0.172,-0.205,0.5567412437764991,7.879859766369922,0.0020040815727268724
Dominican-Republic,North-America,11056370.0,2024-06-30,2024-06-30T16:15:12+00:00,675890,671316.0,4384.0,3740928.0,0.993232626610839,-0.145,-0.16,-0.16,-0.166,-0.257,0.06113127545478308,0.3383504712667901,0.0064862625575167554
Sri-Lanka,Asia,21575842.0,2024-06-30,2024-06-30T16:15:12+00:00,672754,655852.0,16897.0,6486117.0,0.9748764035591019,-0.128,-0.16,-0.161,-0.142,-0.233,0.03118089203656571,0.30061941499200817,0.025116164303742528
Kuwait,Asia,4380326.0,2024-06-30,2024-06-30T16:15:12+00:00,667158,664588.0,2570.0,8455743.0,0.9961478390426256,-0.156,-0.16,-0.16,-0.169,-0.215,0.15230784192774693,1.9303912539842925,0.003852160957374415
Myanmar,Asia,55227143.0,2024-06-30,2024-06-30T16:15:12+00:00,641873,620159.0,19495.0,11711514.0,0.9661708780397368,-0.074,-0.16,-0.161,-0.136,-0.187,0.01162241907027492,0.21206083392725927,0.030372051792176957
Moldova,Europe,4013171.0,2024-06-30,2024-06-30T16:15:12+00:00,635145,622927.0,12218.0,3216305.0,0.9807634477166631,-0.156,-0.16,-0.161,-0.151,-0.261,0.15826512251782943,0.8014373172735475,0.019236552283336875
Estonia,Europe,1321910.0,2024-06-30,2024-06-30T16:15:12+00:00,628070,625069.0,3001.0,6968103.0,0.9952218701737068,-0.161,-0.161,-0.161,-0.169,-0.229,0.47512311730753226,5.2712385865906155,0.004778129826293247
Palestine,Asia,5345541.0,2024-06-30,2024-06-30T16:15:12+00:00,621008,615445.0,5404.0,3078533.0,0.9910419833560921,-0.154,-0.161,-0.161,-0.164,-0.263,0.11617308706452724,0.5759067230052113,0.008701981294926957
Libya,Africa,7040745.0,2024-06-30,2024-06-30T16:15:12+00:00,507274,500835.0,6437.0,2483848.0,0.9873066626714556,-0.152,-0.163,-0.164,-0.162,-0.268,0.07204834147522741,0.3527819854290988,0.012689394686106522
Ethiopia,Africa,120812698.0,2024-06-30,2024-06-30T16:15:12+00:00,501157,488171.0,7574.0,5565340.0,0.9740879604594967,0.031,-0.163,-0.164,-0.16,-0.241,0.0041482146189633145,0.046065853110903957,0.015113028452161698
R&eacute;union,Africa,908061.0,2024-06-30,2024-06-30T16:15:12+00:00,494595,493674.0,921.0,1603660.0,0.9981378703787948,-0.161,-0.163,-0.164,-0.173,-0.276,0.544671558408521,1.7660267316843252,0.0018621296212052284
Honduras,North-America,10221247.0,2024-06-30,2024-06-30T16:15:12+00:00,474590,463425.0,11165.0,1660662.0,0.9764744305611159,-0.146,-0.163,-0.164,-0.153,-0.275,0.0464317122949871,0.1624715653579255,0.02352556943888409
Armenia,Asia,2971966.0,2024-06-30,2024-06-30T16:15:12+00:00,451831,435162.0,8777.0,3242901.0,0.9631078876836693,-0.158,-0.164,-0.165,-0.157,-0.261,0.15203101246784115,1.091163559744627,0.019425404631377662
Bosnia-and-Herzegovina,Europe,3249317.0,2024-06-30,2024-06-30T16:15:12+00:00,403615,379084.0,16388.0,1884721.0,0.9392217831349182,-0.158,-0.165,-0.166,-0.143,-0.273,0.12421533509965325,0.5800360506531065,0.04060304993620158
Oman,Asia,5323993.0,2024-06-30,2024-06-30T16:15:12+00:00,399449,394821.0,4628.0,25000000.0,0.9884140403405691,-0.154,-0.165,-0.166,-0.165,-0.07,0.07502808512332755,4.695723679576589,0.011585959659430866
Luxembourg,Europe,642371.0,2024-06-30,2024-06-30T16:15:12+00:00,391232,390000.0,1232.0,4587145.0,0.9968509733355144,-0.162,-0.165,-0.166,-0.172,-0.249,0.609043683478862,7.140959040803523,0.0031490266644855227
North-Macedonia,Europe,2081304.0,2024-06-30,2024-06-30T16:15:12+00:00,350567,337068.0,9976.0,2226216.0,0.9614938086014941,-0.16,-0.166,-0.167,-0.155,-0.27,0.16843623036327227,1.0696255808858293,0.0284567571961993
Zambia,Africa,19470234.0,2024-06-30,2024-06-30T16:15:12+00:00,349304,341316.0,4069.0,4112961.0,0.977131667544603,-0.132,-0.166,-0.167,-0.167,-0.254,0.0179404109883836,0.21124353205000002,0.011648878913496552
Kenya,Africa,56215221.0,2024-06-30,2024-06-30T16:15:12+00:00,344130,337309.0,5689.0,3967062.0,0.9801790021212914,-0.073,-0.166,-0.167,-0.163,-0.255,0.006121651643066564,0.07056917911965516,0.01653154331212042
Brunei,Asia,445431.0,2024-06-30,2024-06-30T16:15:12+00:00,343719,243601.0,225.0,717784.0,0.7087213683270346,-0.162,-0.166,-0.169,-0.174,-0.283,0.7716548691043057,1.611437012691079,0.0006546044879683695
Albania,Europe,2866374.0,2024-06-30,2024-06-30T16:15:12+00:00,334863,330233.0,3605.0,1941032.0,0.9861734500377767,-0.158,-0.166,-0.167,-0.167,-0.273,0.11682460139535175,0.6771733207180919,0.010765596676849936
Botswana,Africa,2441162.0,2024-06-30,2024-06-30T16:15:12+00:00,330638,327049.0,2801.0,2026898.0,0.9891452283161645,-0.159,-0.166,-0.167,-0.169,-0.272,0.13544287515535633,0.8303004880462664,0.008471500553475403
Montenegro,Europe,627950.0,2024-06-30,2024-06-30T16:15:12+00:00,296542,291794.0,2846.0,2769281.0,0.9839887773064186,-0.162,-0.167,-0.168,-0.169,-0.265,0.4722382355283064,4.410034238394776,0.009597291446068348
Algeria,Africa,45350148.0,2024-06-30,2024-06-30T16:15:12+00:00,272010,183061.0,6881.0,230960.0,0.6729936399397081,-0.09,-0.167,-0.17,-0.161,-0.288,0.00599799586100579,0.0050928168966504804,0.025296864085879195
Nigeria,Africa,216746934.0,2024-06-30,2024-06-30T16:15:12+00:00,267188,259953.0,3155.0,5708974.0,0.972921688099765,0.185,-0.167,-0.169,-0.168,-0.24,0.001232718705954106,0.0263393529709629,0.011808165037351976
Zimbabwe,Africa,15331428.0,2024-06-30,2024-06-30T16:15:12+00:00,266359,258888.0,5740.0,2525756.0,0.9719513889149607,-0.138,-0.167,-0.169,-0.163,-0.268,0.017373397963973088,0.16474368858530333,0.021549863154614636
Afghanistan,Asia,40754388.0,2024-06-30,2024-06-30T16:15:12+00:00,234174,211080.0,7996.0,1390730.0,0.9013810243664967,-0.098,-0.168,-0.17,-0.159,-0.278,0.0057459824939586875,0.03412466898042979,0.03414554989025255
Mozambique,Africa,33089461.0,2024-06-30,2024-06-30T16:15:12+00:00,233731,228805.0,2250.0,1371127.0,0.978924490118983,-0.11,-0.168,-0.169,-0.17,-0.278,0.007063608561046069,0.041436969916191745,0.009626450920074787
Martinique,North-America,374087.0,2024-06-30,2024-06-30T16:15:12+00:00,230354,229252.0,1102.0,828928.0,0.9952160587617319,-0.162,-0.168,-0.169,-0.172,-0.282,0.6157765439590256,2.2158695704475164,0.004783941238268057
Laos,Asia,7481023.0,2024-06-30,2024-06-30T16:15:12+00:00,218970,218212.0,758.0,1233207.0,0.9965383385851944,-0.151,-0.168,-0.169,-0.173,-0.279,0.029270061059830987,0.16484470105224913,0.003461661414805681
Iceland,Europe,345393.0,2024-06-30,2024-06-30T16:15:12+00:00,209906,209677.0,229.0,1996384.0,0.9989090354730212,-0.162,-0.169,-0.17,-0.174,-0.272,0.6077309036373059,5.780036074848072,0.0010909645269787428
DPRK,Asia,25990679.0,2024-06-30,2024-06-30T16:15:11+00:00,4772813,4772739.0,74.0,32988287.854460094,0.9999844955165853,-0.121,-0.081,-0.078,-0.174,-0.0,0.18363556411896742,1.2692353229578994,1.5504483414707426e-05
Jordan,Asia,10300869.0,2024-06-30,2024-06-30T16:15:11+00:00,1746997,1731007.0,14122.0,17201885.0,0.9908471508537221,-0.146,-0.139,-0.139,-0.147,-0.139,0.16959705050127324,1.6699450308512807,0.00808358571880776
South-Africa,Africa,60756135.0,2024-06-30,2024-06-30T16:15:11+00:00,4076463,3912506.0,102595.0,26795090.0,0.9597795932405127,-0.065,-0.094,-0.096,0.026,-0.054,0.06709549578820312,0.44102690205688694,0.025167651466479642
Kazakhstan,Asia,19205043.0,2024-06-30,2024-06-30T16:15:11+00:00,1411831,1383020.0,13848.0,11575012.0,0.9795931666042182,-0.132,-0.145,-0.146,-0.147,-0.188,0.07351355578844578,0.6027069035981851,0.009808539407336997
Ukraine,Europe,43192122.0,2024-06-30,2024-06-30T16:15:11+00:00,5557995,5445577.0,112418.0,32603805.0,0.9797736413940639,-0.094,-0.066,-0.065,0.045,-0.003,0.12868075803268011,0.7548553645963493,0.020226358605936134
Poland,Europe,37739785.0,2024-06-30,2024-06-30T16:15:11+00:00,6661991,6541393.0,120598.0,39323709.0,0.9818976038844844,-0.102,-0.045,-0.043,0.061,0.056,0.17652434956902907,1.041969608464913,0.018102396115515618
Colombia,South-America,51512762.0,2024-06-30,2024-06-30T16:15:11+00:00,6400173,6212152.0,143200.0,36951507.0,0.9706225128601993,-0.08,-0.05,-0.05,0.105,0.035,0.12424441539360673,0.7173272324244622,0.022374395192129963
Greece,Europe,10316637.0,2024-06-30,2024-06-30T16:15:11+00:00,6101379,6063510.0,37869.0,102228365.0,0.9937933703184149,-0.146,-0.056,-0.053,-0.101,0.608,0.5914116198912495,9.909078413828071,0.006206629681585097
Austria,Europe,9066710.0,2024-06-30,2024-06-30T16:15:11+00:00,6081287,6054934.0,22542.0,211273524.0,0.9956665422960633,-0.148,-0.056,-0.053,-0.131,1.566,0.6707269781431192,23.302115541359544,0.003706781146819744
Portugal,Europe,10140570.0,2024-06-30,2024-06-30T16:15:11+00:00,5643062,5614809.0,28126.0,46139518.0,0.9949933210019667,-0.147,-0.064,-0.062,-0.12,0.116,0.5564837085094823,4.549992554659156,0.004984173485954965
Chile,South-America,19250195.0,2024-06-30,2024-06-30T16:15:11+00:00,5384853,5252450.0,64497.0,50382097.0,0.9754119564638069,-0.132,-0.069,-0.069,-0.049,0.153,0.27972978975018176,2.617225280055605,0.011977485736379433
Malaysia,Asia,33181072.0,2024-06-30,2024-06-30T16:15:11+00:00,5278406,5233268.0,37348.0,68580916.0,0.9914485547341375,-0.11,-0.071,-0.069,-0.102,0.313,0.15907882662742182,2.06686860508907,0.007075620935562744
Canada,North-America,38388419.0,2024-06-30,2024-06-30T16:15:11+00:00,4946090,4881312.0,59034.0,66572774.0,0.9869031901967008,-0.101,-0.078,-0.076,-0.059,0.295,0.1288432847416821,1.734189001115154,0.011935488436320406
Belgium,Europe,11668278.0,2024-06-30,2024-06-30T16:15:11+00:00,4861695,4826798.0,34376.0,37454182.0,0.9928220507456762,-0.144,-0.079,-0.077,-0.107,0.039,0.41665916770238076,3.2099151220085775,0.0070707849834265625
Israel,Asia,9326000.0,2024-06-30,2024-06-30T16:15:11+00:00,4841772,4798473.0,12707.0,41373364.0,0.9910571997194415,-0.148,-0.08,-0.078,-0.15,0.074,0.5191692043748659,4.4363461291014366,0.00262445236991746
Thailand,Asia,70078203.0,2024-06-30,2024-06-30T16:15:11+00:00,4770149,4692636.0,34586.0,17273454.0,0.9837504027651967,-0.051,-0.081,-0.08,-0.107,-0.138,0.06806894006685645,0.24648825541374114,0.007250507269269786
Czechia,Europe,10736784.0,2024-06-30,2024-06-30T16:15:11+00:00,4759041,4715206.0,43517.0,57834241.0,0.9907891106632618,-0.146,-0.081,-0.079,-0.09,0.218,0.44324641345117866,5.38655159682825,0.00914406915174717
Peru,South-America,33684208.0,2024-06-30,2024-06-30T16:15:11+00:00,4572667,4350506.0,222161.0,39010194.0,0.951415443110115,-0.109,-0.085,-0.087,0.259,0.053,0.13575106174382964,1.1581152212336416,0.04858455688988505
Switzerland,Europe,8773637.0,2024-06-30,2024-06-30T16:15:11+00:00,4453053,4438309.0,14452.0,23833472.0,0.9966890131332369,-0.149,-0.087,-0.085,-0.146,-0.08,0.5075492637773822,2.7164871307075957,0.003245413876726821
Philippines,Asia,112508994.0,2024-06-30,2024-06-30T16:15:11+00:00,4140383,4067381.0,66864.0,36102746.0,0.9823682978120624,0.018,-0.093,-0.092,-0.044,0.027,0.036800462370146156,0.320887643880275,0.016149230638808052
Romania,Europe,19031335.0,2024-06-30,2024-06-30T16:15:11+00:00,3529735,3460149.0,68929.0,28758667.0,0.9802857721613663,-0.132,-0.105,-0.105,-0.04,-0.037,0.18546964782029216,1.511121894496629,0.01952809488531009
Denmark,Europe,5834950.0,2024-06-30,2024-06-30T16:15:11+00:00,3183756,3174942.0,8814.0,129333107.0,0.997231571766178,-0.154,-0.111,-0.11,-0.157,0.846,0.5456355238690991,22.165246831592388,0.0027684282338219387
Singapore,Asia,5943546.0,2024-06-30,2024-06-30T16:15:11+00:00,3006155,3004131.0,2024.0,24756666.0,0.9993267146903603,-0.153,-0.115,-0.114,-0.17,-0.072,0.5057847621605015,4.165302329619389,0.0006732853096397225
Hong-Kong,Asia,7604299.0,2024-06-30,2024-06-30T16:15:11+00:00,2937609,2916005.0,14924.0,76127725.0,0.992645719699252,-0.151,-0.116,-0.115,-0.145,0.379,0.38630898127493407,10.011143038957306,0.005080322125919413
Sweden,Europe,10218971.0,2024-06-30,2024-06-30T16:15:11+00:00,2754129,2726492.0,27407.0,19500873.0,0.9899652485413719,-0.147,-0.12,-0.119,-0.121,-0.118,0.2695113823104107,1.9083010412692236,0.009951240482925817
New-Zealand,Oceania,4898203.0,2024-06-30,2024-06-30T16:15:11+00:00,2621111,2613791.0,5697.0,7768604.0,0.9972072911067101,-0.155,-0.122,-0.121,-0.163,-0.221,0.5351168581620648,1.5860110330257853,0.002173505814900628
Serbia,Europe,8653016.0,2024-06-30,2024-06-30T16:15:11+00:00,2615054,2596608.0,18057.0,13463733.0,0.9929462259670355,-0.149,-0.122,-0.122,-0.139,-0.171,0.30221300873591356,1.555958408027906,0.006905019934578789
Iraq,Asia,42164965.0,2024-06-30,2024-06-30T16:15:11+00:00,2465545,2439497.0,25375.0,19544451.0,0.989435195869473,-0.095,-0.125,-0.125,-0.125,-0.118,0.05847378267715863,0.4635234726270969,0.010291842168769988
Hungary,Europe,9606259.0,2024-06-30,2024-06-30T16:15:11+00:00,2230232,2152155.0,49048.0,11394556.0,0.9649915345130013,-0.147,-0.13,-0.131,-0.079,-0.19,0.23216446693764972,1.1861595653417214,0.021992330842710534
Bangladesh,Asia,167885689.0,2024-06-30,2024-06-30T16:15:11+00:00,2049377,2019884.0,29493.0,15254399.0,0.985608797210079,0.106,-0.133,-0.133,-0.117,-0.156,0.012206978523345131,0.09086181848412345,0.014391202789921035
Slovakia,Europe,5460193.0,2024-06-30,2024-06-30T16:15:11+00:00,1877605,1856381.0,21224.0,7448789.0,0.988696238026635,-0.154,-0.137,-0.137,-0.133,-0.224,0.3438715444673842,1.3641988479161817,0.011303761973365006
Georgia,Asia,3968738.0,2024-06-30,2024-06-30T16:15:11+00:00,1861665,1844533.0,17132.0,16920079.0,0.9907974850469875,-0.157,-0.137,-0.137,-0.141,-0.141,0.4690823632096651,4.263339882854449,0.009202514953012492
Ireland,Europe,5020199.0,2024-06-30,2024-06-30T16:15:11+00:00,1734582,1724921.0,9491.0,13083449.0,0.9944303584379407,-0.155,-0.139,-0.139,-0.156,-0.175,0.3455205660174029,2.6061614290588877,0.005471635241228146
Pakistan,Asia,229488994.0,2024-06-30,2024-06-30T16:15:11+00:00,1581936,1538689.0,30664.0,30589153.0,0.9726619787399743,0.205,-0.142,-0.143,-0.115,-0.021,0.006893297898198987,0.13329246194699865,0.019383843594178274
Finland,Europe,5554960.0,2024-06-30,2024-06-30T16:15:11+00:00,1516117,1503989.0,11958.0,12108977.0,0.9920006173666016,-0.154,-0.143,-0.144,-0.151,-0.183,0.27293031813010354,2.1798495398706743,0.007887254083952624
Norway,Europe,5511370.0,2024-06-30,2024-06-30T16:15:11+00:00,1509732,1503094.0,6638.0,11002430.0,0.9956031931495126,-0.154,-0.144,-0.144,-0.162,-0.193,0.27393043834835984,1.9963148908529096,0.004396806850487371
Lithuania,Europe,2661708.0,2024-06-30,2024-06-30T16:15:11+00:00,1397806,1387478.0,9897.0,10540357.0,0.9926112779598886,-0.159,-0.146,-0.146,-0.155,-0.197,0.5251537734417149,3.959997490333275,0.0070803816838674325
Slovenia,Europe,2078034.0,2024-06-30,2024-06-30T16:15:11+00:00,1356546,1349424.0,7100.0,2847701.0,0.9947499015882986,-0.16,-0.147,-0.147,-0.161,-0.265,0.6528026009199079,1.3703822940336876,0.005233880753030122
Bulgaria,Europe,6844597.0,2024-06-30,2024-06-30T16:15:11+00:00,1339851,1292944.0,38748.0,11671043.0,0.9649908833146372,-0.152,-0.147,-0.148,-0.099,-0.187,0.1957530881657459,1.7051468479444443,0.02891963360104967
Croatia,Europe,4059286.0,2024-06-30,2024-06-30T16:15:11+00:00,1309728,1258432.0,18687.0,5660084.0,0.9608346160424149,-0.156,-0.147,-0.149,-0.138,-0.24,0.3226498453176248,1.3943545736861114,0.014267847980649418
Guatemala,North-America,18584039.0,2024-06-30,2024-06-30T16:15:11+00:00,1291293,1269891.0,20289.0,7593848.0,0.9834259149550102,-0.133,-0.148,-0.148,-0.135,-0.223,0.06948398031235298,0.4086220438947637,0.01571215827856265
Morocco,Africa,37772756.0,2024-06-30,2024-06-30T16:15:11+00:00,1278992,1262689.0,16303.0,13001033.0,0.9872532431790034,-0.102,-0.148,-0.148,-0.143,-0.176,0.033860171600928454,0.3441907442496385,0.012746756820996534
Lebanon,Asia,6684849.0,2024-06-30,2024-06-30T16:15:11+00:00,1243838,1087587.0,10952.0,4795578.0,0.874379943368831,-0.152,-0.149,-0.152,-0.153,-0.248,0.18606822682157817,0.7173801532390635,0.008805005153404221
Costa-Rica,North-America,5182354.0,2024-06-30,2024-06-30T16:15:11+00:00,1238883,1229455.0,9428.0,4659757.0,0.9923899189834714,-0.155,-0.149,-0.149,-0.156,-0.249,0.23905796477816837,0.8991583747463026,0.007610081016528599
Bolivia,South-America,11992656.0,2024-06-30,2024-06-30T16:15:11+00:00,1212131,1177145.0,22407.0,2710261.0,0.9711367830704767,-0.144,-0.149,-0.15,-0.131,-0.266,0.10107277320386743,0.22599339128880208,0.018485625728572243
Tunisia,Africa,12046656.0,2024-06-30,2024-06-30T16:15:11+00:00,1153361,1123938.0,29423.0,5013383.0,0.9744893402846116,-0.144,-0.15,-0.151,-0.117,-0.246,0.09574117497835084,0.4161638715341419,0.02551065971538833
Cuba,North-America,11305652.0,2024-06-30,2024-06-30T16:15:11+00:00,1115251,1106660.0,8530.0,14402674.0,0.992296801347858,-0.145,-0.151,-0.152,-0.158,-0.163,0.09864543858240109,1.2739357270151248,0.007648502444741139
Spain,Europe,46719142.0,2024-06-30,2024-06-30T16:15:10+00:00,13914811,13762417.0,121760.0,471036328.0,0.9890480725897032,-0.088,0.094,0.101,0.063,3.847,0.2978396092976194,10.082298343578314,0.008750388345195634
North-America,North-America,600000000.0,2024-06-30,2024-06-30T16:15:10+00:00,131889132,127665129.0,1695941.0,32988287.854460094,0.967973077569424,0.799,2.357,2.378,3.131,-0.0,0.21981522,0.05498047975743349,0.012858838133835015
Asia,Asia,4700000000.0,2024-06-30,2024-06-30T16:15:10+00:00,221500265,205673091.0,1553662.0,32988287.854460094,0.9285455753292214,7.374,4.076,3.937,2.854,-0.0,0.04712771595744681,0.007018784649885127,0.007014267003247152
Europe,Europe,748000000.0,2024-06-30,2024-06-30T16:15:10+00:00,253406198,248754104.0,2101824.0,32988287.854460094,0.9816417513197526,1.037,4.687,4.798,3.922,-0.0,0.3387783395721925,0.04410198911024077,0.008294288050523532
South-America,South-America,436000000.0,2024-06-30,2024-06-30T16:15:10+00:00,70200879,66683585.0,1367332.0,32988287.854460094,0.9498967242276268,0.536,1.174,1.159,2.49,-0.0,0.16101119036697248,0.07566121067536719,0.01947741993373046
Oceania,Oceania,43000000.0,2024-06-30,2024-06-30T16:15:10+00:00,14895771,14752388.0,33015.0,32988287.854460094,0.9903742478318175,-0.094,0.113,0.121,-0.11,-0.0,0.34641327906976743,0.7671694849874441,0.0022164008831768427
Africa,Africa,1400000000.0,2024-06-30,2024-06-30T16:15:10+00:00,12860924,12090808.0,258892.0,32988287.854460094,0.9401196990200704,2.082,0.074,0.068,0.33,-0.0,0.009186374285714286,0.02356306275318578,0.020130124398526888
All,All,8000000000.0,2024-06-30,2024-06-30T16:15:10+00:00,704753890,675619811.0,7010681.0,32988287.854460094,0.9586606339980613,12.665,13.344,13.329,13.489,-0.0,0.08809423625,0.004123535981807511,0.009947701033618984
USA,North-America,334805269.0,2024-06-30,2024-06-30T16:15:10+00:00,111820082,109814428.0,1219487.0,1186851502.0,0.9820635617133602,0.374,1.972,2.021,2.202,10.134,0.3339854307967895,3.5449009077572193,0.01090579597321347
India,Asia,1406631776.0,2024-06-30,2024-06-30T16:15:10+00:00,45035393,44501823.0,533570.0,935879495.0,0.9881522073094822,2.093,0.691,0.716,0.865,7.93,0.0320164763574913,0.665333679338124,0.011847792690517878
France,Europe,65584518.0,2024-06-30,2024-06-30T16:15:10+00:00,40138560,39970918.0,167642.0,271490188.0,0.9958234176811525,-0.058,0.597,0.625,0.152,2.095,0.6120127314193268,4.1395468973333,0.0041765823188475125
Germany,Europe,83883596.0,2024-06-30,2024-06-30T16:15:10+00:00,38828995,38240600.0,183027.0,122332384.0,0.984846504525806,-0.028,0.572,0.591,0.182,0.785,0.46289139774122223,1.4583588428898542,0.0047136682265405015
Brazil,South-America,215353593.0,2024-06-30,2024-06-30T16:15:10+00:00,38743918,36249161.0,711380.0,63776166.0,0.9356090677251588,0.182,0.571,0.551,1.212,0.27,0.1799083890836221,0.29614628254658376,0.0183610754080163
S-Korea,Asia,51329899.0,2024-06-30,2024-06-30T16:15:10+00:00,34571873,34535939.0,35934.0,15804065.0,0.9989606001387312,-0.081,0.49,0.516,-0.104,-0.151,0.6735231058997408,0.3078919948780729,0.0010393998612687255
Japan,Asia,125584838.0,2024-06-30,2024-06-30T16:15:10+00:00,33803572,33728878.0,74694.0,100414883.0,0.9977903518598567,0.038,0.476,0.5,-0.029,0.592,0.2691692129268025,0.799578074862827,0.002209648140143296
Italy,Europe,60262770.0,2024-06-30,2024-06-30T16:15:10+00:00,26723249,26361218.0,196487.0,281126449.0,0.9864525829175936,-0.066,0.34,0.353,0.208,2.179,0.44344541414209804,4.665010403604082,0.007352661347428226
UK,Europe,68497907.0,2024-06-30,2024-06-30T16:15:10+00:00,24910387,24678275.0,232112.0,522526476.0,0.9906821198723248,-0.053,0.305,0.319,0.278,4.299,0.3636663964053675,7.628356819720054,0.009317880127675255
Russia,Europe,145805947.0,2024-06-30,2024-06-30T16:15:10+00:00,24124215,23545818.0,402756.0,273400000.0,0.9760242146739283,0.071,0.29,0.297,0.61,2.111,0.16545425955773943,1.8750949849802765,0.01669509246207597
Turkey,Asia,85561976.0,2024-06-30,2024-06-30T16:15:10+00:00,17232066,17129892.0,102174.0,162743369.0,0.9940707051609482,-0.026,0.158,0.169,0.025,1.14,0.2013986446502825,1.9020524841548774,0.0059292948390518
Australia,Oceania,26068792.0,2024-06-30,2024-06-30T16:15:10+00:00,11853144,11820014.0,24414.0,81916639.0,0.9972049609791293,-0.121,0.055,0.062,-0.127,0.43,0.4546871216740691,3.142325850772065,0.0020597066904780707
Vietnam,Asia,98953541.0,2024-06-30,2024-06-30T16:15:10+00:00,11625195,10640971.0,43206.0,85826548.0,0.9153369900461885,-0.004,0.05,0.039,-0.09,0.464,0.1174813440986412,0.867341856922533,0.0037165828186107846
Taiwan,Asia,23888595.0,2024-06-30,2024-06-30T16:15:10+00:00,10241523,10222518.0,19005.0,30742304.0,0.9981443189650602,-0.125,0.024,0.031,-0.137,-0.02,0.42872019053443705,1.28690297608545,0.0018556810349398228
Argentina,South-America,46010234.0,2024-06-30,2024-06-30T16:15:10+00:00,10128845,9997258.0,130841.0,35716069.0,0.9870086865777885,-0.089,0.022,0.026,0.081,0.024,0.22014330550894395,0.7762635808372546,0.012917662379076785
Netherlands,Europe,17211447.0,2024-06-30,2024-06-30T16:15:10+00:00,8635786,8612599.0,22992.0,25984435.0,0.9973150098902405,-0.135,-0.007,-0.002,-0.13,-0.062,0.5017466573263712,1.5097182125361104,0.002662409652115048
Mexico,North-America,131562772.0,2024-06-30,2024-06-30T16:15:10+00:00,7702809,6899865.0,334958.0,20013810.0,0.8957595858861358,0.048,-0.025,-0.036,0.478,-0.114,0.05854854593668793,0.15212365698709968,0.04348517534317676
Iran,Asia,86022837.0,2024-06-30,2024-06-30T16:15:10+00:00,7627186,7480375.0,146811.0,57320267.0,0.9807516166512787,-0.025,-0.026,-0.024,0.112,0.214,0.0886646647099072,0.6663377888827359,0.01924838334872127
Indonesia,Asia,279134505.0,2024-06-30,2024-06-30T16:15:10+00:00,6829221,6647104.0,162063.0,114158919.0,0.9733326831859739,0.285,-0.042,-0.041,0.141,0.713,0.02446569978870939,0.4089745873588792,0.02373081790734258
