country,continent,population,day,time,Cases,Recovered,Deaths,Tests,Z-population,Z-Cases,Z-Recovered,Z-Deaths,Z-Tests,Mortality Rate
Saint-Helena,Africa,6115.0,2024-06-30,2024-06-30T16:15:16+00:00,2166,2.0,2164.0,32988287.854460094,-0.163,-0.173,-0.174,-0.17,-0.0,99.90766389658357
Falkland-Islands,South-America,3539.0,2024-06-30,2024-06-30T16:15:16+00:00,1930,1930.0,0.0,8632.0,-0.163,-0.173,-0.174,-0.174,-0.29,0.0
Montserrat,North-America,4965.0,2024-06-30,2024-06-30T16:15:16+00:00,1403,1376.0,8.0,17762.0,-0.163,-0.173,-0.174,-0.174,-0.29,0.5702066999287242
Vatican-City,Europe,799.0,2024-06-30,2024-06-30T16:15:16+00:00,29,29.0,0.0,32988287.854460094,-0.163,-0.173,-0.174,-0.174,-0.0,0.0
Western-Sahara,Africa,626161.0,2024-06-30,2024-06-30T16:15:16+00:00,10,9.0,1.0,32988287.854460094,-0.162,-0.173,-0.174,-0.174,-0.0,10.0
China,Asia,1448471400.0,2024-06-30,2024-06-30T16:15:16+00:00,503302,379053.0,5272.0,160000000.0,2.16,-0.163,-0.166,-0.164,1.116,1.0474824260583109
Saint-Pierre-Miquelon,North-America,5759.0,2024-06-30,2024-06-30T16:15:16+00:00,3452,2449.0,2.0,25400.0,-0.163,-0.172,-0.174,-0.174,-0.29,0.057937427578215524
Tuvalu,Oceania,12066.0,2024-06-30,2024-06-30T16:15:16+00:00,2943,2942.0,1.0,32988287.854460094,-0.163,-0.172,-0.174,-0.174,-0.0,0.03397893306150187
Niue,Oceania,1622.0,2024-06-30,2024-06-30T16:15:16+00:00,1059,1056.0,3.0,32988287.854460094,-0.163,-0.173,-0.174,-0.174,-0.0,0.28328611898017
Nicaragua,North-America,6779100.0,2024-06-30,2024-06-30T16:15:15+00:00,18491,4225.0,225.0,32988287.854460094,-0.152,-0.172,-0.174,-0.174,-0.0,1.2168081769509491
Tajikistan,Asia,9957464.0,2024-06-30,2024-06-30T16:15:15+00:00,17786,17264.0,125.0,32988287.854460094,-0.147,-0.172,-0.173,-0.174,-0.0,0.7027999550208028
Djibouti,Africa,1016097.0,2024-06-30,2024-06-30T16:15:15+00:00,15690,15427.0,189.0,305941.0,-0.161,-0.172,-0.173,-0.174,-0.287,1.2045889101338432
Greenland,North-America,56973.0,2024-06-30,2024-06-30T16:15:15+00:00,11971,2761.0,21.0,164926.0,-0.163,-0.172,-0.174,-0.174,-0.288,0.1754239411912121
Eritrea,Africa,3662244.0,2024-06-30,2024-06-30T16:15:15+00:00,10189,10086.0,103.0,23693.0,-0.157,-0.172,-0.174,-0.174,-0.29,1.0108941014819903
Niger,Africa,26083660.0,2024-06-30,2024-06-30T16:15:15+00:00,9931,8890.0,312.0,254538.0,-0.121,-0.172,-0.174,-0.174,-0.287,3.141677575269359
Equatorial-Guinea,Africa,1496662.0,2024-06-30,2024-06-30T16:15:15+00:00,17229,16907.0,183.0,365697.0,-0.16,-0.172,-0.173,-0.174,-0.287,1.062162632770329
Liberia,Africa,5305117.0,2024-06-30,2024-06-30T16:15:15+00:00,8090,7783.0,295.0,139824.0,-0.154,-0.172,-0.174,-0.174,-0.288,3.646477132262052
Nauru,Oceania,10903.0,2024-06-30,2024-06-30T16:15:15+00:00,5393,5347.0,1.0,20509.0,-0.163,-0.172,-0.174,-0.174,-0.29,0.018542555164101613
Caribbean-Netherlands,North-America,26647.0,2024-06-30,2024-06-30T16:15:15+00:00,11682,10476.0,38.0,30126.0,-0.163,-0.172,-0.174,-0.174,-0.289,0.32528676596473205
Bermuda,North-America,61939.0,2024-06-30,2024-06-30T16:15:15+00:00,18860,18685.0,165.0,1029558.0,-0.163,-0.172,-0.173,-0.174,-0.281,0.8748674443266171
Gambia,Africa,2558482.0,2024-06-30,2024-06-30T16:15:15+00:00,12626,12189.0,372.0,155686.0,-0.159,-0.172,-0.173,-0.174,-0.288,2.946301283066688
Grenada,North-America,113475.0,2024-06-30,2024-06-30T16:15:15+00:00,19693,19358.0,238.0,182981.0,-0.163,-0.172,-0.173,-0.174,-0.288,1.2085512618696999
Comoros,Africa,907419.0,2024-06-30,2024-06-30T16:15:15+00:00,9109,8939.0,161.0,32988287.854460094,-0.161,-0.172,-0.174,-0.174,-0.0,1.7674827094082777
Guinea-Bissau,Africa,2063367.0,2024-06-30,2024-06-30T16:15:15+00:00,9614,8929.0,177.0,145231.0,-0.16,-0.172,-0.174,-0.174,-0.288,1.841065113376326
Chad,Africa,17413580.0,2024-06-30,2024-06-30T16:15:15+00:00,7701,4874.0,194.0,191341.0,-0.135,-0.172,-0.174,-0.174,-0.288,2.519153356706921
Vanuatu,Oceania,321832.0,2024-06-30,2024-06-30T16:15:15+00:00,12019,11976.0,14.0,24976.0,-0.162,-0.172,-0.173,-0.174,-0.29,0.11648223645894001
Sint-Maarten,North-America,43966.0,2024-06-30,2024-06-30T16:15:15+00:00,11051,10905.0,92.0,62056.0,-0.163,-0.172,-0.174,-0.174,-0.289,0.8325038458058095
Wallis-and-Futuna,Oceania,10982.0,2024-06-30,2024-06-30T16:15:15+00:00,3550,438.0,8.0,20508.0,-0.163,-0.172,-0.174,-0.174,-0.29,0.22535211267605634
St-Barth,North-America,9945.0,2024-06-30,2024-06-30T16:15:15+00:00,5507,5501.0,6.0,78646.0,-0.163,-0.172,-0.174,-0.174,-0.289,0.10895224260032686
Saint-Kitts-and-Nevis,North-America,53871.0,2024-06-30,2024-06-30T16:15:15+00:00,6607,6559.0,48.0,126958.0,-0.163,-0.172,-0.174,-0.174,-0.289,0.7265021946420462
Timor-Leste,Asia,1369429.0,2024-06-30,2024-06-30T16:15:15+00:00,23460,23102.0,138.0,278529.0,-0.161,-0.172,-0.173,-0.174,-0.287,0.5882352941176471
Kiribati,Oceania,123419.0,2024-06-30,2024-06-30T16:15:15+00:00,5085,2703.0,24.0,32988287.854460094,-0.163,-0.172,-0.174,-0.174,-0.0,0.471976401179941
Burkina-Faso,Africa,22102838.0,2024-06-30,2024-06-30T16:15:15+00:00,22114,21596.0,400.0,248995.0,-0.127,-0.172,-0.173,-0.174,-0.288,1.8088088993397848
Liechtenstein,Europe,38387.0,2024-06-30,2024-06-30T16:15:15+00:00,21574,21480.0,94.0,112457.0,-0.163,-0.172,-0.173,-0.174,-0.289,0.4357096505052378
Gibraltar,Europe,33704.0,2024-06-30,2024-06-30T16:15:15+00:00,20550,20437.0,113.0,534283.0,-0.163,-0.172,-0.173,-0.174,-0.285,0.5498783454987834
South-Sudan,Africa,11618511.0,2024-06-30,2024-06-30T16:15:15+00:00,18819,18115.0,147.0,410280.0,-0.144,-0.172,-0.173,-0.174,-0.286,0.7811254583134066
Monaco,Europe,39783.0,2024-06-30,2024-06-30T16:15:15+00:00,17181,17114.0,67.0,78646.0,-0.163,-0.172,-0.173,-0.174,-0.289,0.3899656597404109
Samoa,Oceania,202239.0,2024-06-30,2024-06-30T16:15:15+00:00,17006,1605.0,31.0,187397.0,-0.163,-0.172,-0.174,-0.174,-0.288,0.18228860402210986
Tonga,Oceania,107749.0,2024-06-30,2024-06-30T16:15:15+00:00,16950,15638.0,13.0,535009.0,-0.163,-0.172,-0.173,-0.174,-0.285,0.07669616519174041
Marshall-Islands,Oceania,60057.0,2024-06-30,2024-06-30T16:15:15+00:00,16138,16121.0,17.0,32988287.854460094,-0.163,-0.172,-0.173,-0.174,-0.0,0.10534143016482836
Dominica,North-America,72344.0,2024-06-30,2024-06-30T16:15:15+00:00,16038,15964.0,74.0,229344.0,-0.163,-0.172,-0.173,-0.174,-0.288,0.46140416510786886
CAR,Africa,5016678.0,2024-06-30,2024-06-30T16:15:15+00:00,15440,15200.0,113.0,81294.0,-0.155,-0.172,-0.173,-0.174,-0.289,0.7318652849740932
Saint-Martin,North-America,39730.0,2024-06-30,2024-06-30T16:15:15+00:00,12324,12261.0,63.0,112382.0,-0.163,-0.172,-0.173,-0.174,-0.289,0.5111976630963972
Yemen,Asia,31154867.0,2024-06-30,2024-06-30T16:15:15+00:00,11945,9124.0,2159.0,329592.0,-0.113,-0.172,-0.174,-0.17,-0.287,18.07450816241105
St-Vincent-Grenadines,North-America,111551.0,2024-06-30,2024-06-30T16:15:15+00:00,9674,9493.0,124.0,114197.0,-0.163,-0.172,-0.174,-0.174,-0.289,1.281786231135001
Antigua-and-Barbuda,North-America,99509.0,2024-06-30,2024-06-30T16:15:15+00:00,9106,8954.0,146.0,18901.0,-0.163,-0.172,-0.174,-0.174,-0.29,1.6033384581594552
Sierra-Leone,Africa,8306436.0,2024-06-30,2024-06-30T16:15:15+00:00,7779,7653.0,126.0,259958.0,-0.15,-0.172,-0.174,-0.174,-0.287,1.619745468569225
British-Virgin-Islands,North-America,30596.0,2024-06-30,2024-06-30T16:15:15+00:00,7392,7328.0,64.0,107339.0,-0.163,-0.172,-0.174,-0.174,-0.289,0.8658008658008658
Cook-Islands,Oceania,17571.0,2024-06-30,2024-06-30T16:15:15+00:00,7203,7150.0,2.0,19690.0,-0.163,-0.172,-0.174,-0.174,-0.29,0.027766208524226017
Sao-Tome-and-Principe,Africa,227679.0,2024-06-30,2024-06-30T16:15:15+00:00,6778,6685.0,80.0,29600.0,-0.163,-0.172,-0.174,-0.174,-0.289,1.1802891708468575
Turks-and-Caicos,North-America,39741.0,2024-06-30,2024-06-30T16:15:15+00:00,6752,6709.0,40.0,616788.0,-0.163,-0.172,-0.174,-0.174,-0.284,0.5924170616113744
Palau,Oceania,18233.0,2024-06-30,2024-06-30T16:15:15+00:00,6290,6276.0,10.0,71434.0,-0.163,-0.172,-0.174,-0.174,-0.289,0.1589825119236884
Anguilla,North-America,15230.0,2024-06-30,2024-06-30T16:15:15+00:00,3904,3892.0,12.0,51382.0,-0.163,-0.172,-0.174,-0.174,-0.289,0.3073770491803279
Cura&ccedil;ao,North-America,165529.0,2024-06-30,2024-06-30T16:15:14+00:00,45986,44720.0,295.0,496693.0,-0.163,-0.172,-0.173,-0.174,-0.285,0.6414995868307746
Isle-of-Man,Europe,85732.0,2024-06-30,2024-06-30T16:15:14+00:00,38008,37892.0,116.0,150753.0,-0.163,-0.172,-0.173,-0.174,-0.288,0.3051989054935803
Cayman-Islands,North-America,67277.0,2024-06-30,2024-06-30T16:15:14+00:00,31472,8553.0,37.0,222773.0,-0.163,-0.172,-0.174,-0.174,-0.288,0.1175648195221149
Congo,Africa,5797805.0,2024-06-30,2024-06-30T16:15:14+00:00,25375,24006.0,386.0,347815.0,-0.154,-0.172,-0.173,-0.174,-0.287,1.5211822660098522
Somalia,Africa,16841795.0,2024-06-30,2024-06-30T16:15:14+00:00,27334,13182.0,1361.0,400466.0,-0.136,-0.172,-0.173,-0.172,-0.286,4.979146850076828
Mayotte,Africa,286259.0,2024-06-30,2024-06-30T16:15:14+00:00,42027,41839.0,188.0,176919.0,-0.162,-0.172,-0.173,-0.174,-0.288,0.44733147738358675
Bahamas,North-America,400516.0,2024-06-30,2024-06-30T16:15:14+00:00,38084,36366.0,844.0,257839.0,-0.162,-0.172,-0.173,-0.173,-0.287,2.2161537653607817
Aruba,North-America,107609.0,2024-06-30,2024-06-30T16:15:14+00:00,44224,42438.0,292.0,177885.0,-0.163,-0.172,-0.173,-0.174,-0.288,0.66027496382055
Madagascar,Africa,29178077.0,2024-06-30,2024-06-30T16:15:14+00:00,68486,66862.0,1426.0,531329.0,-0.116,-0.171,-0.172,-0.172,-0.285,2.082177379318401
Cabo-Verde,Africa,567678.0,2024-06-30,2024-06-30T16:15:14+00:00,64477,63755.0,417.0,401622.0,-0.162,-0.171,-0.172,-0.174,-0.286,0.6467422491741242
Sudan,Africa,45992020.0,2024-06-30,2024-06-30T16:15:14+00:00,63993,58947.0,5046.0,562941.0,-0.089,-0.171,-0.173,-0.165,-0.285,7.885237447845858
Mauritania,Africa,4901981.0,2024-06-30,2024-06-30T16:15:14+00:00,63848,62471.0,997.0,1009957.0,-0.155,-0.171,-0.172,-0.172,-0.281,1.561521112642526
Bhutan,Asia,787941.0,2024-06-30,2024-06-30T16:15:14+00:00,62697,61564.0,21.0,2303734.0,-0.162,-0.171,-0.173,-0.174,-0.269,0.03349442557060146
Syria,Asia,19364809.0,2024-06-30,2024-06-30T16:15:14+00:00,57743,54578.0,3165.0,146269.0,-0.132,-0.171,-0.173,-0.168,-0.288,5.481183866442685
Burundi,Africa,12624840.0,2024-06-30,2024-06-30T16:15:14+00:00,54721,53569.0,38.0,345742.0,-0.143,-0.171,-0.173,-0.174,-0.287,0.06944317538056688
Seychelles,Africa,99426.0,2024-06-30,2024-06-30T16:15:14+00:00,51220,51048.0,172.0,32988287.854460094,-0.163,-0.172,-0.173,-0.174,-0.0,0.3358063256540414
Gabon,Africa,2331533.0,2024-06-30,2024-06-30T16:15:14+00:00,49051,48674.0,307.0,1621909.0,-0.159,-0.172,-0.173,-0.174,-0.275,0.6258791869686653
Andorra,Europe,77463.0,2024-06-30,2024-06-30T16:15:14+00:00,48015,47850.0,165.0,249838.0,-0.163,-0.172,-0.173,-0.174,-0.288,0.3436426116838488
Papua-New-Guinea,Oceania,9292169.0,2024-06-30,2024-06-30T16:15:14+00:00,46864,46168.0,670.0,249149.0,-0.148,-0.172,-0.173,-0.173,-0.288,1.4296688289518606
Tanzania,Africa,63298550.0,2024-06-30,2024-06-30T16:15:14+00:00,43223,42377.0,846.0,32988287.854460094,-0.061,-0.172,-0.173,-0.173,-0.0,1.957291256969669
Mauritius,Africa,1274727.0,2024-06-30,2024-06-30T16:15:14+00:00,43025,41278.0,1051.0,358675.0,-0.161,-0.172,-0.173,-0.172,-0.287,2.442765833817548
Togo,Africa,8680837.0,2024-06-30,2024-06-30T16:15:14+00:00,39572,39281.0,290.0,815204.0,-0.149,-0.172,-0.173,-0.174,-0.283,0.7328414030122309
Guinea,Africa,13865691.0,2024-06-30,2024-06-30T16:15:14+00:00,38572,37757.0,468.0,660107.0,-0.141,-0.172,-0.173,-0.174,-0.284,1.2133153582909884
Lesotho,Africa,2175699.0,2024-06-30,2024-06-30T16:15:14+00:00,36138,25980.0,723.0,431221.0,-0.159,-0.172,-0.173,-0.173,-0.286,2.0006641208699985
Haiti,North-America,11680283.0,2024-06-30,2024-06-30T16:15:14+00:00,34667,33734.0,860.0,132422.0,-0.144,-0.172,-0.173,-0.173,-0.289,2.4807453774482937
Faeroe-Islands,Europe,49233.0,2024-06-30,2024-06-30T16:15:14+00:00,34658,34630.0,28.0,778000.0,-0.163,-0.172,-0.173,-0.174,-0.283,0.08078942812626233
Mali,Africa,21473764.0,2024-06-30,2024-06-30T16:15:14+00:00,33164,32332.0,743.0,804909.0,-0.128,-0.172,-0.173,-0.173,-0.283,2.2403811361717527
Saint-Lucia,North-America,185113.0,2024-06-30,2024-06-30T16:15:14+00:00,30215,29805.0,410.0,210983.0,-0.163,-0.172,-0.173,-0.174,-0.288,1.3569419162667549
Benin,Africa,12784726.0,2024-06-30,2024-06-30T16:15:14+00:00,28036,27847.0,163.0,604310.0,-0.142,-0.172,-0.173,-0.174,-0.284,0.5813953488372093
Macao,Asia,667490.0,2024-06-30,2024-06-30T16:15:14+00:00,27673,3487.0,123.0,7850.0,-0.162,-0.172,-0.174,-0.174,-0.29,0.44447656560546384
Micronesia,Oceania,117489.0,2024-06-30,2024-06-30T16:15:14+00:00,26547,26482.0,65.0,82430.0,-0.163,-0.172,-0.173,-0.174,-0.289,0.24484875880513807
San-Marino,Europe,34085.0,2024-06-30,2024-06-30T16:15:14+00:00,26185,26011.0,128.0,196855.0,-0.163,-0.172,-0.173,-0.174,-0.288,0.488829482528165
Solomon-Islands,Oceania,721159.0,2024-06-30,2024-06-30T16:15:14+00:00,25954,25755.0,199.0,32988287.854460094,-0.162,-0.172,-0.173,-0.174,-0.0,0.7667411574323804
French-Guiana,South-America,314169.0,2024-06-30,2024-06-30T16:15:13+00:00,98041,11254.0,420.0,651257.0,-0.162,-0.171,-0.174,-0.174,-0.284,0.42839220326190064
Channel-Islands,Europe,176463.0,2024-06-30,2024-06-30T16:15:13+00:00,101717,101321.0,228.0,1252808.0,-0.163,-0.171,-0.172,-0.174,-0.279,0.22415132180461478
Kyrgyzstan,Asia,6728271.0,2024-06-30,2024-06-30T16:15:13+00:00,206897,196406.0,2991.0,1907195.0,-0.152,-0.169,-0.17,-0.169,-0.273,1.44564686776512
Fiji,Oceania,909466.0,2024-06-30,2024-06-30T16:15:13+00:00,69117,67226.0,885.0,672883.0,-0.161,-0.171,-0.172,-0.173,-0.284,1.2804375189895394
Suriname,South-America,596831.0,2024-06-30,2024-06-30T16:15:13+00:00,82588,81180.0,1408.0,242207.0,-0.162,-0.171,-0.172,-0.172,-0.288,1.7048481619605753
Guadeloupe,North-America,399794.0,2024-06-30,2024-06-30T16:15:13+00:00,203235,202214.0,1021.0,938039.0,-0.162,-0.169,-0.17,-0.172,-0.281,0.5023740989494919
El-Salvador,North-America,6550389.0,2024-06-30,2024-06-30T16:15:13+00:00,201855,179410.0,4230.0,2610114.0,-0.152,-0.169,-0.17,-0.166,-0.267,2.0955636471724755
Trinidad-and-Tobago,North-America,1406585.0,2024-06-30,2024-06-30T16:15:13+00:00,191496,187078.0,4390.0,913289.0,-0.161,-0.169,-0.17,-0.166,-0.282,2.2924760830513433
Maldives,Asia,540985.0,2024-06-30,2024-06-30T16:15:13+00:00,186694,163687.0,316.0,2213831.0,-0.162,-0.169,-0.17,-0.174,-0.27,0.16926092964958703
Namibia,Africa,2633874.0,2024-06-30,2024-06-30T16:15:13+00:00,172389,167099.0,4106.0,1062663.0,-0.159,-0.169,-0.17,-0.166,-0.28,2.381822506076374
Uganda,Africa,48432863.0,2024-06-30,2024-06-30T16:15:13+00:00,172149,100431.0,3632.0,3012408.0,-0.085,-0.169,-0.172,-0.167,-0.263,2.1098002311950697
Ghana,Africa,32395450.0,2024-06-30,2024-06-30T16:15:13+00:00,171889,170425.0,1462.0,2541625.0,-0.111,-0.169,-0.17,-0.172,-0.267,0.8505489007440848
Jamaica,North-America,2985094.0,2024-06-30,2024-06-30T16:15:13+00:00,156869,153113.0,3756.0,1183986.0,-0.158,-0.17,-0.171,-0.167,-0.279,2.394354525113311
Cambodia,Asia,17168639.0,2024-06-30,2024-06-30T16:15:13+00:00,139103,136044.0,3056.0,3091420.0,-0.135,-0.17,-0.171,-0.168,-0.263,2.196933207766907
Rwanda,Africa,13600464.0,2024-06-30,2024-06-30T16:15:13+00:00,133518,132039.0,1468.0,6021981.0,-0.141,-0.17,-0.171,-0.172,-0.237,1.0994772240446982
Cameroon,Africa,27911548.0,2024-06-30,2024-06-30T16:15:13+00:00,125379,123280.0,1974.0,1751774.0,-0.118,-0.17,-0.171,-0.171,-0.274,1.5744263393391238
Malta,Europe,444033.0,2024-06-30,2024-06-30T16:15:13+00:00,121420,120149.0,885.0,2170600.0,-0.162,-0.17,-0.171,-0.173,-0.271,0.7288749794103113
Barbados,North-America,288023.0,2024-06-30,2024-06-30T16:15:13+00:00,110578,108647.0,648.0,814159.0,-0.162,-0.17,-0.172,-0.173,-0.283,0.5860116840601204
Angola,Africa,35027343.0,2024-06-30,2024-06-30T16:15:13+00:00,107327,103419.0,1937.0,1499795.0,-0.107,-0.17,-0.172,-0.171,-0.277,1.804764877430656
DRC,Africa,95240792.0,2024-06-30,2024-06-30T16:15:13+00:00,99338,84489.0,1468.0,846704.0,-0.01,-0.171,-0.172,-0.172,-0.282,1.4777829229499284
Malawi,Africa,20180839.0,2024-06-30,2024-06-30T16:15:13+00:00,89535,86849.0,2686.0,624784.0,-0.131,-0.171,-0.172,-0.169,-0.284,2.9999441559166806
Senegal,Africa,17653671.0,2024-06-30,2024-06-30T16:15:13+00:00,89053,87024.0,1971.0,1146543.0,-0.135,-0.171,-0.172,-0.171,-0.28,2.213288715708623
Ivory-Coast,Africa,27742298.0,2024-06-30,2024-06-30T16:15:13+00:00,88384,87497.0,835.0,1690934.0,-0.118,-0.171,-0.172,-0.173,-0.275,0.9447411296162201
New-Caledonia,Oceania,290915.0,2024-06-30,2024-06-30T16:15:13+00:00,80064,79750.0,314.0,98964.0,-0.162,-0.171,-0.172,-0.174,-0.289,0.3921862509992006
French-Polynesia,Oceania,284164.0,2024-06-30,2024-06-30T16:15:13+00:00,79254,78604.0,650.0,32988287.854460094,-0.162,-0.171,-0.172,-0.173,-0.0,0.8201478789714084
Eswatini,Africa,1184817.0,2024-06-30,2024-06-30T16:15:13+00:00,75191,73116.0,1427.0,1048704.0,-0.161,-0.171,-0.172,-0.172,-0.281,1.8978335173092526
Guyana,South-America,794045.0,2024-06-30,2024-06-30T16:15:13+00:00,74137,72013.0,1300.0,733218.0,-0.162,-0.171,-0.172,-0.172,-0.283,1.7535103929212135
Belize,North-America,412190.0,2024-06-30,2024-06-30T16:15:13+00:00,71409,70721.0,688.0,576016.0,-0.162,-0.171,-0.172,-0.173,-0.285,0.9634639891330226
Belarus,Europe,9432800.0,2024-06-30,2024-06-30T16:15:12+00:00,994037,985592.0,7118.0,13646641.0,-0.148,-0.153,-0.154,-0.161,-0.17,0.7160699249625517
Venezuela,South-America,29266991.0,2024-06-30,2024-06-30T16:15:12+00:00,552695,546537.0,5856.0,3359014.0,-0.116,-0.162,-0.163,-0.163,-0.26,1.0595355485394296
Egypt,Africa,106156692.0,2024-06-30,2024-06-30T16:15:12+00:00,516023,442182.0,24613.0,3693367.0,0.007,-0.163,-0.165,-0.126,-0.257,4.769748635235251
Uzbekistan,Asia,34382084.0,2024-06-30,2024-06-30T16:15:12+00:00,253662,241486.0,1637.0,1377915.0,-0.108,-0.168,-0.169,-0.171,-0.278,0.6453469577626921
Qatar,Asia,2979915.0,2024-06-30,2024-06-30T16:15:12+00:00,514524,513687.0,690.0,4065369.0,-0.158,-0.163,-0.163,-0.173,-0.254,0.1341045315670406
Ecuador,South-America,18113361.0,2024-06-30,2024-06-30T16:15:12+00:00,1070188,1034145.0,36043.0,3082403.0,-0.134,-0.152,-0.153,-0.104,-0.263,3.3679129274482613
UAE,Asia,10081785.0,2024-06-30,2024-06-30T16:15:12+00:00,1067030,1064681.0,2349.0,200732262.0,-0.147,-0.152,-0.152,-0.17,1.473,0.2201437635305474
Panama,North-America,4446964.0,2024-06-30,2024-06-30T16:15:12+00:00,1059893,1051102.0,8727.0,7882622.0,-0.156,-0.152,-0.153,-0.157,-0.22,0.8233850020709638
Uruguay,South-America,3496016.0,2024-06-30,2024-06-30T16:15:12+00:00,1041111,1030944.0,7664.0,6114822.0,-0.157,-0.153,-0.153,-0.16,-0.236,0.7361366847531147
Mongolia,Asia,3378078.0,2024-06-30,2024-06-30T16:15:12+00:00,1011496,1009212.0,2284.0,4030048.0,-0.157,-0.153,-0.154,-0.17,-0.254,0.22580415542918608
Nepal,Asia,30225582.0,2024-06-30,2024-06-30T16:15:12+00:00,1003450,991322.0,12031.0,6047766.0,-0.114,-0.153,-0.154,-0.151,-0.237,1.1989635756639594
Latvia,Europe,1848837.0,2024-06-30,2024-06-30T16:15:12+00:00,982505,971406.0,6715.0,7885792.0,-0.16,-0.154,-0.154,-0.161,-0.22,0.6834570816433504
Saudi-Arabia,Asia,35844909.0,2024-06-30,2024-06-30T16:15:12+00:00,841469,831823.0,9646.0,45481735.0,-0.105,-0.156,-0.157,-0.156,0.11,1.1463286229201552
Paraguay,South-America,7305843.0,2024-06-30,2024-06-30T16:15:12+00:00,837602,817447.0,20155.0,2657506.0,-0.151,-0.156,-0.157,-0.135,-0.266,2.4062741015422597
Azerbaijan,Asia,10300205.0,2024-06-30,2024-06-30T16:15:12+00:00,835234,824089.0,10400.0,7748050.0,-0.146,-0.157,-0.157,-0.154,-0.222,1.2451600389830875
Bahrain,Asia,1783983.0,2024-06-30,2024-06-30T16:15:12+00:00,729549,727915.0,1574.0,10948549.0,-0.16,-0.159,-0.159,-0.171,-0.194,0.2157497303128371
Cyprus,Asia,1223387.0,2024-06-30,2024-06-30T16:15:12+00:00,681110,679745.0,1365.0,9640118.0,-0.161,-0.159,-0.16,-0.172,-0.205,0.20040815727268724
Dominican-Republic,North-America,11056370.0,2024-06-30,2024-06-30T16:15:12+00:00,675890,671316.0,4384.0,3740928.0,-0.145,-0.16,-0.16,-0.166,-0.257,0.6486262557516755
Sri-Lanka,Asia,21575842.0,2024-06-30,2024-06-30T16:15:12+00:00,672754,655852.0,16897.0,6486117.0,-0.128,-0.16,-0.161,-0.142,-0.233,2.5116164303742528
Kuwait,Asia,4380326.0,2024-06-30,2024-06-30T16:15:12+00:00,667158,664588.0,2570.0,8455743.0,-0.156,-0.16,-0.16,-0.169,-0.215,0.3852160957374415
Myanmar,Asia,55227143.0,2024-06-30,2024-06-30T16:15:12+00:00,641873,620159.0,19495.0,11711514.0,-0.074,-0.16,-0.161,-0.136,-0.187,3.0372051792176955
Moldova,Europe,4013171.0,2024-06-30,2024-06-30T16:15:12+00:00,635145,622927.0,12218.0,3216305.0,-0.156,-0.16,-0.161,-0.151,-0.261,1.9236552283336876
Estonia,Europe,1321910.0,2024-06-30,2024-06-30T16:15:12+00:00,628070,625069.0,3001.0,6968103.0,-0.161,-0.161,-0.161,-0.169,-0.229,0.4778129826293247
Palestine,Asia,5345541.0,2024-06-30,2024-06-30T16:15:12+00:00,621008,615445.0,5404.0,3078533.0,-0.154,-0.161,-0.161,-0.164,-0.263,0.8701981294926957
Libya,Africa,7040745.0,2024-06-30,2024-06-30T16:15:12+00:00,507274,500835.0,6437.0,2483848.0,-0.152,-0.163,-0.164,-0.162,-0.268,1.268939468610652
Ethiopia,Africa,120812698.0,2024-06-30,2024-06-30T16:15:12+00:00,501157,488171.0,7574.0,5565340.0,0.031,-0.163,-0.164,-0.16,-0.241,1.5113028452161696
R&eacute;union,Africa,908061.0,2024-06-30,2024-06-30T16:15:12+00:00,494595,493674.0,921.0,1603660.0,-0.161,-0.163,-0.164,-0.173,-0.276,0.18621296212052285
Honduras,North-America,10221247.0,2024-06-30,2024-06-30T16:15:12+00:00,474590,463425.0,11165.0,1660662.0,-0.146,-0.163,-0.164,-0.153,-0.275,2.3525569438884086
Armenia,Asia,2971966.0,2024-06-30,2024-06-30T16:15:12+00:00,451831,435162.0,8777.0,3242901.0,-0.158,-0.164,-0.165,-0.157,-0.261,1.9425404631377663
Bosnia-and-Herzegovina,Europe,3249317.0,2024-06-30,2024-06-30T16:15:12+00:00,403615,379084.0,16388.0,1884721.0,-0.158,-0.165,-0.166,-0.143,-0.273,4.060304993620158
Oman,Asia,5323993.0,2024-06-30,2024-06-30T16:15:12+00:00,399449,394821.0,4628.0,25000000.0,-0.154,-0.165,-0.166,-0.165,-0.07,1.1585959659430867
Luxembourg,Europe,642371.0,2024-06-30,2024-06-30T16:15:12+00:00,391232,390000.0,1232.0,4587145.0,-0.162,-0.165,-0.166,-0.172,-0.249,0.31490266644855225
North-Macedonia,Europe,2081304.0,2024-06-30,2024-06-30T16:15:12+00:00,350567,337068.0,9976.0,2226216.0,-0.16,-0.166,-0.167,-0.155,-0.27,2.84567571961993
Zambia,Africa,19470234.0,2024-06-30,2024-06-30T16:15:12+00:00,349304,341316.0,4069.0,4112961.0,-0.132,-0.166,-0.167,-0.167,-0.254,1.1648878913496552
Kenya,Africa,56215221.0,2024-06-30,2024-06-30T16:15:12+00:00,344130,337309.0,5689.0,3967062.0,-0.073,-0.166,-0.167,-0.163,-0.255,1.6531543312120418
Brunei,Asia,445431.0,2024-06-30,2024-06-30T16:15:12+00:00,343719,243601.0,225.0,717784.0,-0.162,-0.166,-0.169,-0.174,-0.283,0.06546044879683695
Albania,Europe,2866374.0,2024-06-30,2024-06-30T16:15:12+00:00,334863,330233.0,3605.0,1941032.0,-0.158,-0.166,-0.167,-0.167,-0.273,1.0765596676849936
Botswana,Africa,2441162.0,2024-06-30,2024-06-30T16:15:12+00:00,330638,327049.0,2801.0,2026898.0,-0.159,-0.166,-0.167,-0.169,-0.272,0.8471500553475403
Montenegro,Europe,627950.0,2024-06-30,2024-06-30T16:15:12+00:00,296542,291794.0,2846.0,2769281.0,-0.162,-0.167,-0.168,-0.169,-0.265,0.9597291446068348
Algeria,Africa,45350148.0,2024-06-30,2024-06-30T16:15:12+00:00,272010,183061.0,6881.0,230960.0,-0.09,-0.167,-0.17,-0.161,-0.288,2.5296864085879194
Nigeria,Africa,216746934.0,2024-06-30,2024-06-30T16:15:12+00:00,267188,259953.0,3155.0,5708974.0,0.185,-0.167,-0.169,-0.168,-0.24,1.1808165037351976
Zimbabwe,Africa,15331428.0,2024-06-30,2024-06-30T16:15:12+00:00,266359,258888.0,5740.0,2525756.0,-0.138,-0.167,-0.169,-0.163,-0.268,2.1549863154614637
Afghanistan,Asia,40754388.0,2024-06-30,2024-06-30T16:15:12+00:00,234174,211080.0,7996.0,1390730.0,-0.098,-0.168,-0.17,-0.159,-0.278,3.414554989025255
Mozambique,Africa,33089461.0,2024-06-30,2024-06-30T16:15:12+00:00,233731,228805.0,2250.0,1371127.0,-0.11,-0.168,-0.169,-0.17,-0.278,0.9626450920074787
Martinique,North-America,374087.0,2024-06-30,2024-06-30T16:15:12+00:00,230354,229252.0,1102.0,828928.0,-0.162,-0.168,-0.169,-0.172,-0.282,0.4783941238268057
Laos,Asia,7481023.0,2024-06-30,2024-06-30T16:15:12+00:00,218970,218212.0,758.0,1233207.0,-0.151,-0.168,-0.169,-0.173,-0.279,0.3461661414805681
Iceland,Europe,345393.0,2024-06-30,2024-06-30T16:15:12+00:00,209906,209677.0,229.0,1996384.0,-0.162,-0.169,-0.17,-0.174,-0.272,0.10909645269787428
DPRK,Asia,25990679.0,2024-06-30,2024-06-30T16:15:11+00:00,4772813,4772739.0,74.0,32988287.854460094,-0.121,-0.081,-0.078,-0.174,-0.0,0.0015504483414707426
Jordan,Asia,10300869.0,2024-06-30,2024-06-30T16:15:11+00:00,1746997,1731007.0,14122.0,17201885.0,-0.146,-0.139,-0.139,-0.147,-0.139,0.8083585718807761
South-Africa,Africa,60756135.0,2024-06-30,2024-06-30T16:15:11+00:00,4076463,3912506.0,102595.0,26795090.0,-0.065,-0.094,-0.096,0.026,-0.054,2.5167651466479644
Kazakhstan,Asia,19205043.0,2024-06-30,2024-06-30T16:15:11+00:00,1411831,1383020.0,13848.0,11575012.0,-0.132,-0.145,-0.146,-0.147,-0.188,0.9808539407336997
Ukraine,Europe,43192122.0,2024-06-30,2024-06-30T16:15:11+00:00,5557995,5445577.0,112418.0,32603805.0,-0.094,-0.066,-0.065,0.045,-0.003,2.0226358605936134
Poland,Europe,37739785.0,2024-06-30,2024-06-30T16:15:11+00:00,6661991,6541393.0,120598.0,39323709.0,-0.102,-0.045,-0.043,0.061,0.056,1.8102396115515618
Colombia,South-America,51512762.0,2024-06-30,2024-06-30T16:15:11+00:00,6400173,6212152.0,143200.0,36951507.0,-0.08,-0.05,-0.05,0.105,0.035,2.2374395192129963
Greece,Europe,10316637.0,2024-06-30,2024-06-30T16:15:11+00:00,6101379,6063510.0,37869.0,102228365.0,-0.146,-0.056,-0.053,-0.101,0.608,0.6206629681585097
Austria,Europe,9066710.0,2024-06-30,2024-06-30T16:15:11+00:00,6081287,6054934.0,22542.0,211273524.0,-0.148,-0.056,-0.053,-0.131,1.566,0.3706781146819744
Portugal,Europe,10140570.0,2024-06-30,2024-06-30T16:15:11+00:00,5643062,5614809.0,28126.0,46139518.0,-0.147,-0.064,-0.062,-0.12,0.116,0.4984173485954965
Chile,South-America,19250195.0,2024-06-30,2024-06-30T16:15:11+00:00,5384853,5252450.0,64497.0,50382097.0,-0.132,-0.069,-0.069,-0.049,0.153,1.1977485736379432
Malaysia,Asia,33181072.0,2024-06-30,2024-06-30T16:15:11+00:00,5278406,5233268.0,37348.0,68580916.0,-0.11,-0.071,-0.069,-0.102,0.313,0.7075620935562744
Canada,North-America,38388419.0,2024-06-30,2024-06-30T16:15:11+00:00,4946090,4881312.0,59034.0,66572774.0,-0.101,-0.078,-0.076,-0.059,0.295,1.1935488436320407
Belgium,Europe,11668278.0,2024-06-30,2024-06-30T16:15:11+00:00,4861695,4826798.0,34376.0,37454182.0,-0.144,-0.079,-0.077,-0.107,0.039,0.7070784983426562
Israel,Asia,9326000.0,2024-06-30,2024-06-30T16:15:11+00:00,4841772,4798473.0,12707.0,41373364.0,-0.148,-0.08,-0.078,-0.15,0.074,0.262445236991746
Thailand,Asia,70078203.0,2024-06-30,2024-06-30T16:15:11+00:00,4770149,4692636.0,34586.0,17273454.0,-0.051,-0.081,-0.08,-0.107,-0.138,0.7250507269269786
Czechia,Europe,10736784.0,2024-06-30,2024-06-30T16:15:11+00:00,4759041,4715206.0,43517.0,57834241.0,-0.146,-0.081,-0.079,-0.09,0.218,0.914406915174717
Peru,South-America,33684208.0,2024-06-30,2024-06-30T16:15:11+00:00,4572667,4350506.0,222161.0,39010194.0,-0.109,-0.085,-0.087,0.259,0.053,4.858455688988505
Switzerland,Europe,8773637.0,2024-06-30,2024-06-30T16:15:11+00:00,4453053,4438309.0,14452.0,23833472.0,-0.149,-0.087,-0.085,-0.146,-0.08,0.3245413876726821
Philippines,Asia,112508994.0,2024-06-30,2024-06-30T16:15:11+00:00,4140383,4067381.0,66864.0,36102746.0,0.018,-0.093,-0.092,-0.044,0.027,1.6149230638808052
Romania,Europe,19031335.0,2024-06-30,2024-06-30T16:15:11+00:00,3529735,3460149.0,68929.0,28758667.0,-0.132,-0.105,-0.105,-0.04,-0.037,1.9528094885310088
Denmark,Europe,5834950.0,2024-06-30,2024-06-30T16:15:11+00:00,3183756,3174942.0,8814.0,129333107.0,-0.154,-0.111,-0.11,-0.157,0.846,0.27684282338219385
Singapore,Asia,5943546.0,2024-06-30,2024-06-30T16:15:11+00:00,3006155,3004131.0,2024.0,24756666.0,-0.153,-0.115,-0.114,-0.17,-0.072,0.06732853096397225
Hong-Kong,Asia,7604299.0,2024-06-30,2024-06-30T16:15:11+00:00,2937609,2916005.0,14924.0,76127725.0,-0.151,-0.116,-0.115,-0.145,0.379,0.5080322125919413
Sweden,Europe,10218971.0,2024-06-30,2024-06-30T16:15:11+00:00,2754129,2726492.0,27407.0,19500873.0,-0.147,-0.12,-0.119,-0.121,-0.118,0.9951240482925817
New-Zealand,Oceania,4898203.0,2024-06-30,2024-06-30T16:15:11+00:00,2621111,2613791.0,5697.0,7768604.0,-0.155,-0.122,-0.121,-0.163,-0.221,0.21735058149006278
Serbia,Europe,8653016.0,2024-06-30,2024-06-30T16:15:11+00:00,2615054,2596608.0,18057.0,13463733.0,-0.149,-0.122,-0.122,-0.139,-0.171,0.6905019934578789
Iraq,Asia,42164965.0,2024-06-30,2024-06-30T16:15:11+00:00,2465545,2439497.0,25375.0,19544451.0,-0.095,-0.125,-0.125,-0.125,-0.118,1.029184216876999
Hungary,Europe,9606259.0,2024-06-30,2024-06-30T16:15:11+00:00,2230232,2152155.0,49048.0,11394556.0,-0.147,-0.13,-0.131,-0.079,-0.19,2.1992330842710532
Bangladesh,Asia,167885689.0,2024-06-30,2024-06-30T16:15:11+00:00,2049377,2019884.0,29493.0,15254399.0,0.106,-0.133,-0.133,-0.117,-0.156,1.4391202789921036
Slovakia,Europe,5460193.0,2024-06-30,2024-06-30T16:15:11+00:00,1877605,1856381.0,21224.0,7448789.0,-0.154,-0.137,-0.137,-0.133,-0.224,1.1303761973365005
Georgia,Asia,3968738.0,2024-06-30,2024-06-30T16:15:11+00:00,1861665,1844533.0,17132.0,16920079.0,-0.157,-0.137,-0.137,-0.141,-0.141,0.9202514953012492
Ireland,Europe,5020199.0,2024-06-30,2024-06-30T16:15:11+00:00,1734582,1724921.0,9491.0,13083449.0,-0.155,-0.139,-0.139,-0.156,-0.175,0.5471635241228145
Pakistan,Asia,229488994.0,2024-06-30,2024-06-30T16:15:11+00:00,1581936,1538689.0,30664.0,30589153.0,0.205,-0.142,-0.143,-0.115,-0.021,1.9383843594178274
Finland,Europe,5554960.0,2024-06-30,2024-06-30T16:15:11+00:00,1516117,1503989.0,11958.0,12108977.0,-0.154,-0.143,-0.144,-0.151,-0.183,0.7887254083952624
Norway,Europe,5511370.0,2024-06-30,2024-06-30T16:15:11+00:00,1509732,1503094.0,6638.0,11002430.0,-0.154,-0.144,-0.144,-0.162,-0.193,0.43968068504873714
Lithuania,Europe,2661708.0,2024-06-30,2024-06-30T16:15:11+00:00,1397806,1387478.0,9897.0,10540357.0,-0.159,-0.146,-0.146,-0.155,-0.197,0.7080381683867433
Slovenia,Europe,2078034.0,2024-06-30,2024-06-30T16:15:11+00:00,1356546,1349424.0,7100.0,2847701.0,-0.16,-0.147,-0.147,-0.161,-0.265,0.5233880753030122
Bulgaria,Europe,6844597.0,2024-06-30,2024-06-30T16:15:11+00:00,1339851,1292944.0,38748.0,11671043.0,-0.152,-0.147,-0.148,-0.099,-0.187,2.891963360104967
Croatia,Europe,4059286.0,2024-06-30,2024-06-30T16:15:11+00:00,1309728,1258432.0,18687.0,5660084.0,-0.156,-0.147,-0.149,-0.138,-0.24,1.4267847980649417
Guatemala,North-America,18584039.0,2024-06-30,2024-06-30T16:15:11+00:00,1291293,1269891.0,20289.0,7593848.0,-0.133,-0.148,-0.148,-0.135,-0.223,1.571215827856265
Morocco,Africa,37772756.0,2024-06-30,2024-06-30T16:15:11+00:00,1278992,1262689.0,16303.0,13001033.0,-0.102,-0.148,-0.148,-0.143,-0.176,1.2746756820996534
Lebanon,Asia,6684849.0,2024-06-30,2024-06-30T16:15:11+00:00,1243838,1087587.0,10952.0,4795578.0,-0.152,-0.149,-0.152,-0.153,-0.248,0.8805005153404221
Costa-Rica,North-America,5182354.0,2024-06-30,2024-06-30T16:15:11+00:00,1238883,1229455.0,9428.0,4659757.0,-0.155,-0.149,-0.149,-0.156,-0.249,0.7610081016528599
Bolivia,South-America,11992656.0,2024-06-30,2024-06-30T16:15:11+00:00,1212131,1177145.0,22407.0,2710261.0,-0.144,-0.149,-0.15,-0.131,-0.266,1.8485625728572244
Tunisia,Africa,12046656.0,2024-06-30,2024-06-30T16:15:11+00:00,1153361,1123938.0,29423.0,5013383.0,-0.144,-0.15,-0.151,-0.117,-0.246,2.551065971538833
Cuba,North-America,11305652.0,2024-06-30,2024-06-30T16:15:11+00:00,1115251,1106660.0,8530.0,14402674.0,-0.145,-0.151,-0.152,-0.158,-0.163,0.7648502444741139
Spain,Europe,46719142.0,2024-06-30,2024-06-30T16:15:10+00:00,13914811,13762417.0,121760.0,471036328.0,-0.088,0.094,0.101,0.063,3.847,0.8750388345195634
North-America,North-America,600000000.0,2024-06-30,2024-06-30T16:15:10+00:00,131889132,127665129.0,1695941.0,32988287.854460094,0.799,2.357,2.378,3.131,-0.0,1.2858838133835016
Asia,Asia,4700000000.0,2024-06-30,2024-06-30T16:15:10+00:00,221500265,205673091.0,1553662.0,32988287.854460094,7.374,4.076,3.937,2.854,-0.0,0.7014267003247152
Europe,Europe,748000000.0,2024-06-30,2024-06-30T16:15:10+00:00,253406198,248754104.0,2101824.0,32988287.854460094,1.037,4.687,4.798,3.922,-0.0,0.8294288050523532
South-America,South-America,436000000.0,2024-06-30,2024-06-30T16:15:10+00:00,70200879,66683585.0,1367332.0,32988287.854460094,0.536,1.174,1.159,2.49,-0.0,1.947741993373046
Oceania,Oceania,43000000.0,2024-06-30,2024-06-30T16:15:10+00:00,14895771,14752388.0,33015.0,32988287.854460094,-0.094,0.113,0.121,-0.11,-0.0,0.22164008831768428
Africa,Africa,1400000000.0,2024-06-30,2024-06-30T16:15:10+00:00,12860924,12090808.0,258892.0,32988287.854460094,2.082,0.074,0.068,0.33,-0.0,2.0130124398526887
All,All,8000000000.0,2024-06-30,2024-06-30T16:15:10+00:00,704753890,675619811.0,7010681.0,32988287.854460094,12.665,13.344,13.329,13.489,-0.0,0.9947701033618984
USA,North-America,334805269.0,2024-06-30,2024-06-30T16:15:10+00:00,111820082,109814428.0,1219487.0,1186851502.0,0.374,1.972,2.021,2.202,10.134,1.090579597321347
India,Asia,1406631776.0,2024-06-30,2024-06-30T16:15:10+00:00,45035393,44501823.0,533570.0,935879495.0,2.093,0.691,0.716,0.865,7.93,1.1847792690517878
France,Europe,65584518.0,2024-06-30,2024-06-30T16:15:10+00:00,40138560,39970918.0,167642.0,271490188.0,-0.058,0.597,0.625,0.152,2.095,0.41765823188475126
Germany,Europe,83883596.0,2024-06-30,2024-06-30T16:15:10+00:00,38828995,38240600.0,183027.0,122332384.0,-0.028,0.572,0.591,0.182,0.785,0.47136682265405017
Brazil,South-America,215353593.0,2024-06-30,2024-06-30T16:15:10+00:00,38743918,36249161.0,711380.0,63776166.0,0.182,0.571,0.551,1.212,0.27,1.8361075408016299
S-Korea,Asia,51329899.0,2024-06-30,2024-06-30T16:15:10+00:00,34571873,34535939.0,35934.0,15804065.0,-0.081,0.49,0.516,-0.104,-0.151,0.10393998612687255
Japan,Asia,125584838.0,2024-06-30,2024-06-30T16:15:10+00:00,33803572,33728878.0,74694.0,100414883.0,0.038,0.476,0.5,-0.029,0.592,0.2209648140143296
Italy,Europe,60262770.0,2024-06-30,2024-06-30T16:15:10+00:00,26723249,26361218.0,196487.0,281126449.0,-0.066,0.34,0.353,0.208,2.179,0.7352661347428225
UK,Europe,68497907.0,2024-06-30,2024-06-30T16:15:10+00:00,24910387,24678275.0,232112.0,522526476.0,-0.053,0.305,0.319,0.278,4.299,0.9317880127675254
Russia,Europe,145805947.0,2024-06-30,2024-06-30T16:15:10+00:00,24124215,23545818.0,402756.0,273400000.0,0.071,0.29,0.297,0.61,2.111,1.6695092462075969
Turkey,Asia,85561976.0,2024-06-30,2024-06-30T16:15:10+00:00,17232066,17129892.0,102174.0,162743369.0,-0.026,0.158,0.169,0.025,1.14,0.59292948390518
Australia,Oceania,26068792.0,2024-06-30,2024-06-30T16:15:10+00:00,11853144,11820014.0,24414.0,81916639.0,-0.121,0.055,0.062,-0.127,0.43,0.20597066904780706
Vietnam,Asia,98953541.0,2024-06-30,2024-06-30T16:15:10+00:00,11625195,10640971.0,43206.0,85826548.0,-0.004,0.05,0.039,-0.09,0.464,0.37165828186107847
Taiwan,Asia,23888595.0,2024-06-30,2024-06-30T16:15:10+00:00,10241523,10222518.0,19005.0,30742304.0,-0.125,0.024,0.031,-0.137,-0.02,0.18556810349398228
Argentina,South-America,46010234.0,2024-06-30,2024-06-30T16:15:10+00:00,10128845,9997258.0,130841.0,35716069.0,-0.089,0.022,0.026,0.081,0.024,1.2917662379076786
Netherlands,Europe,17211447.0,2024-06-30,2024-06-30T16:15:10+00:00,8635786,8612599.0,22992.0,25984435.0,-0.135,-0.007,-0.002,-0.13,-0.062,0.2662409652115048
Mexico,North-America,131562772.0,2024-06-30,2024-06-30T16:15:10+00:00,7702809,6899865.0,334958.0,20013810.0,0.048,-0.025,-0.036,0.478,-0.114,4.348517534317676
Iran,Asia,86022837.0,2024-06-30,2024-06-30T16:15:10+00:00,7627186,7480375.0,146811.0,57320267.0,-0.025,-0.026,-0.024,0.112,0.214,1.9248383348721272
Indonesia,Asia,279134505.0,2024-06-30,2024-06-30T16:15:10+00:00,6829221,6647104.0,162063.0,114158919.0,0.285,-0.042,-0.041,0.141,0.713,2.373081790734258
